stock_id,stock_name,listing_year,industry,market_type
1101,台泥,1962,水泥工業,上市
1102,亞泥,1962,水泥工業,上市
1103,嘉泥,1969,水泥工業,上市
1104,環泥,1971,水泥工業,上市
1108,幸福,1990,水泥工業,上市
1109,信大,1991,水泥工業,上市
1110,東泥,1994,水泥工業,上市
1201,味全,1962,食品工業,上市
1203,味王,1964,食品工業,上市
1210,大成,1978,食品工業,上市
1213,大飲,1981,食品工業,上市
1215,卜蜂,1987,食品工業,上市
1216,統一,1987,食品工業,上市
1217,愛之味,1989,食品工業,上市
1218,泰山,1989,食品工業,上市
1219,福壽,1990,食品工業,上市
1220,台榮,1991,食品工業,上市
1225,福懋油,1993,食品工業,上市
1227,佳格,1994,食品工業,上市
1229,聯華,1976,食品工業,上市
1231,聯華食,1995,食品工業,上市
1232,大統益,1996,食品工業,上市
1233,天仁,1999,食品工業,上市
1234,黑松,1999,食品工業,上市
1235,興泰,2000,食品工業,上市
1236,宏亞,2001,食品工業,上市
1256,鮮活果汁-KY,2016,食品工業,上市
1301,台塑,1964,塑膠工業,上市
1303,南亞,1967,塑膠工業,上市
1304,台聚,1972,塑膠工業,上市
1305,華夏,1973,塑膠工業,上市
1307,三芳,1985,塑膠工業,上市
1308,亞聚,1986,塑膠工業,上市
1309,台達化,1986,塑膠工業,上市
1310,台苯,1987,塑膠工業,上市
1312,國喬,1988,塑膠工業,上市
1313,聯成,1989,塑膠工業,上市
1314,中石化,1991,塑膠工業,上市
1315,達新,1992,塑膠工業,上市
1316,上曜,1992,建材營造業,上市
1319,東陽,1994,汽車工業,上市
1321,大洋,1999,塑膠工業,上市
1323,永裕,2000,塑膠工業,上市
1324,地球,2000,塑膠工業,上市
1325,恆大,2000,塑膠工業,上市
1326,台化,1984,塑膠工業,上市
1337,再生-KY,2011,塑膠工業,上市
1338,廣華-KY,2012,汽車工業,上市
1339,昭輝,2012,汽車工業,上市
1340,勝悅-KY,2013,塑膠工業,上市
1341,富林-KY,2018,塑膠工業,上市
1342,八貫,2020,其他業,上市
1402,遠東新,1967,紡織纖維,上市
1409,新纖,1973,紡織纖維,上市
1410,南染,1973,紡織纖維,上市
1413,宏洲,1975,紡織纖維,上市
1414,東和,1976,紡織纖維,上市
1416,廣豐,1976,其他業,上市
1417,嘉裕,1976,紡織纖維,上市
1418,東華,1977,紡織纖維,上市
1419,新紡,1977,紡織纖維,上市
1423,利華,1979,紡織纖維,上市
1432,大魯閣,1982,運動休閒,上市
1434,福懋,1985,紡織纖維,上市
1435,中福,1987,其他業,上市
1436,華友聯,1988,建材營造業,上市
1437,勤益控,1988,其他業,上市
1438,三地開發,1988,建材營造業,上市
1439,雋揚,1989,建材營造業,上市
1440,南紡,1989,紡織纖維,上市
1441,大東,1989,紡織纖維,上市
1442,名軒,1989,建材營造業,上市
1443,立益物流,1990,其他業,上市
1444,力麗,1990,紡織纖維,上市
1445,大宇,1991,紡織纖維,上市
1446,宏和,1991,紡織纖維,上市
1447,力鵬,1992,紡織纖維,上市
1449,佳和,1992,紡織纖維,上市
1451,年興,1992,紡織纖維,上市
1452,宏益,1992,紡織纖維,上市
1453,大將,1993,建材營造業,上市
1454,台富,1993,紡織纖維,上市
1455,集盛,1993,紡織纖維,上市
1456,怡華,1993,建材營造業,上市
1457,宜進,1994,紡織纖維,上市
1459,聯發,1994,紡織纖維,上市
1460,宏遠,1995,紡織纖維,上市
1463,強盛新,1996,紡織纖維,上市
1464,得力,1997,紡織纖維,上市
1465,偉全,1997,紡織纖維,上市
1466,聚隆,1998,紡織纖維,上市
1467,南緯,1998,紡織纖維,上市
1468,昶和,1999,紡織纖維,上市
1470,大統新創,1999,紡織纖維,上市
1471,首利,2000,電子零組件業,上市
1472,三洋實業,2000,建材營造業,上市
1473,台南,2000,紡織纖維,上市
1474,弘裕,2000,紡織纖維,上市
1475,業旺,2000,紡織纖維,上市
1476,儒鴻,2001,紡織纖維,上市
1477,聚陽,2003,紡織纖維,上市
1503,士電,1969,電機機械,上市
1504,東元,1973,電機機械,上市
1506,正道,1980,電機機械,上市
1512,瑞利,1994,汽車工業,上市
1513,中興電,1994,電機機械,上市
1514,亞力,1994,電機機械,上市
1515,力山,1995,電機機械,上市
1516,川飛,1995,其他業,上市
1517,利奇,1995,電機機械,上市
1519,華城,1997,電機機械,上市
1521,大億,1997,汽車工業,上市
1522,堤維西,1997,汽車工業,上市
1524,耿鼎,1998,汽車工業,上市
1525,江申,1999,汽車工業,上市
1526,日馳,2000,電機機械,上市
1527,鑽全,2000,電機機械,上市
1528,恩德,2000,電機機械,上市
1529,樂事綠能,2000,電機機械,上市
1530,亞崴,2000,電機機械,上市
1531,高林股,2000,電機機械,上市
1532,勤美,2000,電機機械,上市
1533,車王電,2001,汽車工業,上市
1535,中宇,2001,電機機械,上市
1536,和大,2001,汽車工業,上市
1537,廣隆,2002,電機機械,上市
1538,正峰,2002,電機機械,上市
1539,巨庭,2002,電機機械,上市
1540,喬福,2002,電機機械,上市
1541,錩泰,2003,電機機械,上市
1558,伸興,2014,電機機械,上市
1560,中砂,2005,電機機械,上市
1563,巧新,2024,汽車工業,上市
1568,倉佑,2014,汽車工業,上市
1582,信錦,2009,電子零組件業,上市
1583,程泰,2008,電機機械,上市
1587,吉茂,2018,汽車工業,上市
1589,永冠-KY,2012,電機機械,上市
1590,亞德客-KY,2010,電機機械,上市
1597,直得,2020,電機機械,上市
1598,岱宇,2016,運動休閒,上市
1603,華電,1968,電器電纜,上市
1604,聲寶,1970,電器電纜,上市
1605,華新,1972,電器電纜,上市
1608,華榮,1988,電器電纜,上市
1609,大亞,1988,電器電纜,上市
1611,中電,1990,電器電纜,上市
1612,宏泰,1993,電器電纜,上市
1614,三洋電,1997,電器電纜,上市
1615,大山,2000,電器電纜,上市
1616,億泰,2000,電器電纜,上市
1617,榮星,2000,電器電纜,上市
1618,合機,2000,電器電纜,上市
1623,大東電,2026,電器電纜,上市
1626,艾美特-KY,2013,電器電纜,上市
1702,南僑,1973,食品工業,上市
1707,葡萄王,1982,生技醫療業,上市
1708,東鹼,1986,化學工業,上市
1709,和益,1986,化學工業,上市
1710,東聯,1987,化學工業,上市
1711,永光,1988,化學工業,上市
1712,興農,1989,化學工業,上市
1713,國化,1990,化學工業,上市
1714,和桐,1991,化學工業,上市
1717,長興,1994,化學工業,上市
1718,中纖,1963,化學工業,上市
1720,生達,1995,生技醫療業,上市
1721,三晃,1996,化學工業,上市
1722,台肥,1998,化學工業,上市
1723,中碳,1998,化學工業,上市
1725,元禎,2000,化學工業,上市
1726,永記,2000,化學工業,上市
1727,中華化,2000,化學工業,上市
1730,花仙子,2001,化學工業,上市
1731,美吾華,2001,生技醫療業,上市
1732,毛寶,2001,化學工業,上市
1733,五鼎,2001,生技醫療業,上市
1734,杏輝,2002,生技醫療業,上市
1735,日勝化,2002,化學工業,上市
1736,喬山,2003,運動休閒,上市
1737,臺鹽,2003,食品工業,上市
1752,南光,2022,生技醫療業,上市
1760,寶齡富錦,2018,生技醫療業,上市
1762,中化生,2010,生技醫療業,上市
1773,勝一,2009,化學工業,上市
1776,展宇,2016,化學工業,上市
1783,和康生,2013,生技醫療業,上市
1786,科妍,2013,生技醫療業,上市
1789,神隆,2011,生技醫療業,上市
1795,美時,2019,生技醫療業,上市
1802,台玻,1973,玻璃陶瓷,上市
1805,寶徠,1989,建材營造業,上市
1806,冠軍,1992,玻璃陶瓷,上市
1808,潤隆,1994,建材營造業,上市
1809,中釉,1996,玻璃陶瓷,上市
1810,和成,1991,玻璃陶瓷,上市
1817,凱撒衛,2013,玻璃陶瓷,上市
1903,士紙,1963,造紙工業,上市
1904,正隆,1971,造紙工業,上市
1905,華紙,1975,造紙工業,上市
1906,寶隆,1976,造紙工業,上市
1907,永豐餘,1977,造紙工業,上市
1909,榮成,1985,造紙工業,上市
2002,中鋼,1974,鋼鐵工業,上市
2006,東和鋼鐵,1988,鋼鐵工業,上市
2007,燁興,1988,鋼鐵工業,上市
2008,高興昌,1988,鋼鐵工業,上市
2009,第一銅,1989,鋼鐵工業,上市
2010,春源,1989,鋼鐵工業,上市
2012,春雨,1991,鋼鐵工業,上市
2013,中鋼構,1992,鋼鐵工業,上市
2014,中鴻,1992,鋼鐵工業,上市
2015,豐興,1992,鋼鐵工業,上市
2017,官田鋼,1992,鋼鐵工業,上市
2020,美亞,1993,鋼鐵工業,上市
2022,聚亨,1995,鋼鐵工業,上市
2023,燁輝,1995,鋼鐵工業,上市
2024,志聯,1995,鋼鐵工業,上市
2025,千興,1996,鋼鐵工業,上市
2027,大成鋼,1996,鋼鐵工業,上市
2028,威致,1996,鋼鐵工業,上市
2029,盛餘,1997,鋼鐵工業,上市
2030,彰源,1998,鋼鐵工業,上市
2031,新光鋼,2000,鋼鐵工業,上市
2032,新鋼,2000,鋼鐵工業,上市
2033,佳大,2000,鋼鐵工業,上市
2034,允強,2001,鋼鐵工業,上市
2038,海光,2008,鋼鐵工業,上市
2049,上銀,2009,電機機械,上市
2059,川湖,2008,電子零組件業,上市
2062,橋椿,2007,居家生活,上市
2069,運錩,2016,鋼鐵工業,上市
2101,南港,1963,橡膠工業,上市
2102,泰豐,1979,橡膠工業,上市
2103,台橡,1982,橡膠工業,上市
2104,國際中橡,1986,橡膠工業,上市
2105,正新,1987,橡膠工業,上市
2106,建大,1990,橡膠工業,上市
2107,厚生,1992,橡膠工業,上市
2108,南帝,1992,橡膠工業,上市
2109,華豐,2000,橡膠工業,上市
2114,鑫永銓,2010,橡膠工業,上市
2115,六暉-KY,2013,汽車工業,上市
2201,裕隆,1976,汽車工業,上市
2204,中華,1991,汽車工業,上市
2206,三陽工業,1996,汽車工業,上市
2207,和泰車,1997,汽車工業,上市
2208,台船,2008,航運業,上市
2211,長榮鋼,2021,鋼鐵工業,上市
2227,裕日車,2004,汽車工業,上市
2228,劍麟,2013,汽車工業,上市
2231,為升,2010,汽車工業,上市
2233,宇隆,2019,汽車工業,上市
2236,百達-KY,2015,汽車工業,上市
2239,英利-KY,2016,汽車工業,上市
2241,艾姆勒,2020,汽車工業,上市
2243,宏旭-KY,2017,汽車工業,上市
2247,汎德永業,2020,汽車工業,上市
2248,華勝-KY,2025,汽車工業,上市
2250,IKKA-KY,2021,汽車工業,上市
2301,光寶科,1995,電腦及週邊設備業,上市
2302,麗正,1985,半導體業,上市
2303,聯電,1985,半導體業,上市
2305,全友,1988,電腦及週邊設備業,上市
2308,台達電,1988,電子零組件業,上市
2312,金寶,1989,其他電子業,上市
2313,華通,1990,電子零組件業,上市
2314,台揚,1990,通信網路業,上市
2316,楠梓電,1991,電子零組件業,上市
2317,鴻海,1991,其他電子業,上市
2321,東訊,1991,通信網路業,上市
2323,中環,1992,光電業,上市
2324,仁寶,1992,電腦及週邊設備業,上市
2327,國巨*,1993,電子零組件業,上市
2328,廣宇,1993,電子零組件業,上市
2329,華泰,1994,半導體業,上市
2330,台積電,1994,半導體業,上市
2331,精英,1994,電腦及週邊設備業,上市
2332,友訊,1994,通信網路業,上市
2337,旺宏,1995,半導體業,上市
2338,光罩,1995,半導體業,上市
2340,台亞,1995,半導體業,上市
2342,茂矽,1995,半導體業,上市
2344,華邦電,1995,半導體業,上市
2345,智邦,1995,通信網路業,上市
2347,聯強,1995,電子通路業,上市
2348,海悅,1996,其他業,上市
2349,錸德,1996,光電業,上市
2351,順德,1996,半導體業,上市
2352,佳世達,1996,電腦及週邊設備業,上市
2353,宏碁,1996,電腦及週邊設備業,上市
2354,鴻準,1996,其他電子業,上市
2355,敬鵬,1996,電子零組件業,上市
2356,英業達,1996,電腦及週邊設備業,上市
2357,華碩,1996,電腦及週邊設備業,上市
2359,所羅門,1996,其他電子業,上市
2360,致茂,1996,其他電子業,上市
2362,藍天,1997,電腦及週邊設備業,上市
2363,矽統,1997,半導體業,上市
2364,倫飛,1997,電腦及週邊設備業,上市
2365,昆盈,1997,電腦及週邊設備業,上市
2367,燿華,1997,電子零組件業,上市
2368,金像電,1998,電子零組件業,上市
2369,菱生,1998,半導體業,上市
2371,大同,1962,電機機械,上市
2373,震旦行,1991,其他電子業,上市
2374,佳能,1995,光電業,上市
2375,凱美,1998,電子零組件業,上市
2376,技嘉,1998,電腦及週邊設備業,上市
2377,微星,1998,電腦及週邊設備業,上市
2379,瑞昱,1998,半導體業,上市
2380,虹光,1998,電腦及週邊設備業,上市
2382,廣達,1999,電腦及週邊設備業,上市
2383,台光電,1998,電子零組件業,上市
2385,群光,1999,電子零組件業,上市
2387,精元,1999,電腦及週邊設備業,上市
2388,威盛,1999,半導體業,上市
2390,云辰,1999,其他電子業,上市
2392,正崴,1999,電子零組件業,上市
2393,億光,1999,光電業,上市
2395,研華,1999,電腦及週邊設備業,上市
2397,友通,2000,電腦及週邊設備業,上市
2399,映泰,1999,電腦及週邊設備業,上市
2401,凌陽,2000,半導體業,上市
2402,毅嘉,2000,電子零組件業,上市
2404,漢唐,2000,其他電子業,上市
2405,輔信,2000,電腦及週邊設備業,上市
2406,國碩,2000,光電業,上市
2408,南亞科,2000,半導體業,上市
2409,友達,2000,光電業,上市
2412,中華電,2000,通信網路業,上市
2413,環科,2000,電子零組件業,上市
2414,精技,2000,電子通路業,上市
2415,錩新,2000,電子零組件業,上市
2417,圓剛,2000,電腦及週邊設備業,上市
2419,仲琦,2000,通信網路業,上市
2420,新巨,2000,電子零組件業,上市
2421,建準,2000,電子零組件業,上市
2423,固緯,2000,其他電子業,上市
2424,隴華,2000,通信網路業,上市
2425,承啟,2000,電腦及週邊設備業,上市
2426,鼎元,2000,光電業,上市
2427,三商電,2000,資訊服務業,上市
2428,興勤,2000,電子零組件業,上市
2429,銘旺科,2000,光電業,上市
2430,燦坤,2000,電子通路業,上市
2431,聯昌,2000,電子零組件業,上市
2433,互盛電,2000,其他電子業,上市
2434,統懋,2000,半導體業,上市
2436,偉詮電,2000,半導體業,上市
2438,翔耀,2000,光電業,上市
2439,美律,2000,通信網路業,上市
2440,太空梭,2000,電子零組件業,上市
2441,超豐,2000,半導體業,上市
2442,新美齊,2000,建材營造業,上市
2444,兆勁,2000,通信網路業,上市
2449,京元電子,2001,半導體業,上市
2450,神腦,2001,通信網路業,上市
2451,創見,2001,半導體業,上市
2453,凌群,2001,資訊服務業,上市
2454,聯發科,2001,半導體業,上市
2455,全新,2002,通信網路業,上市
2457,飛宏,2001,電子零組件業,上市
2458,義隆,2001,半導體業,上市
2459,敦吉,2001,其他電子業,上市
2460,建通,2001,電子零組件業,上市
2461,光群雷,2001,其他電子業,上市
2462,良得電,2001,電子零組件業,上市
2464,盟立,2001,其他電子業,上市
2465,麗臺,2001,電腦及週邊設備業,上市
2466,冠西電,2001,光電業,上市
2467,志聖,2001,電子零組件業,上市
2468,華經,2001,資訊服務業,上市
2471,資通,2001,資訊服務業,上市
2472,立隆電,2001,電子零組件業,上市
2474,可成,2001,其他電子業,上市
2476,鉅祥,2001,電子零組件業,上市
2477,美隆電,2001,其他電子業,上市
2478,大毅,2001,電子零組件業,上市
2480,敦陽科,2001,資訊服務業,上市
2481,強茂,2001,半導體業,上市
2482,連宇,2001,其他電子業,上市
2483,百容,2001,電子零組件業,上市
2484,希華,2001,電子零組件業,上市
2485,兆赫,2001,通信網路業,上市
2486,一詮,2001,光電業,上市
2488,漢平,2001,其他電子業,上市
2489,瑞軒,2001,光電業,上市
2491,吉祥全,2001,光電業,上市
2492,華新科,2001,電子零組件業,上市
2493,揚博,2002,電子零組件業,上市
2495,普安,2002,電腦及週邊設備業,上市
2496,卓越,2002,其他業,上市
2497,怡利電,2002,汽車工業,上市
2498,宏達電,2002,通信網路業,上市
2501,國建,1967,建材營造業,上市
2504,國產,1978,建材營造業,上市
2505,國揚,1979,建材營造業,上市
2506,太設,1980,建材營造業,上市
2509,全坤建,1988,建材營造業,上市
2511,太子,1991,建材營造業,上市
2514,龍邦,1992,其他業,上市
2515,中工,1993,建材營造業,上市
2516,新建,1993,建材營造業,上市
2520,冠德,1993,建材營造業,上市
2524,京城,1994,建材營造業,上市
2527,宏璟,1995,建材營造業,上市
2528,皇普,1995,建材營造業,上市
2530,華建,1995,建材營造業,上市
2534,宏盛,1996,建材營造業,上市
2535,達欣工,1996,建材營造業,上市
2536,宏普,1996,建材營造業,上市
2537,聯上發,1996,建材營造業,上市
2538,基泰,1996,建材營造業,上市
2539,櫻花建,1997,建材營造業,上市
2540,愛山林,1989,建材營造業,上市
2542,興富發,1999,建材營造業,上市
2543,皇昌,1999,建材營造業,上市
2545,皇翔,2000,建材營造業,上市
2546,根基,2000,建材營造業,上市
2547,日勝生,2000,建材營造業,上市
2548,華固,2002,建材營造業,上市
2597,潤弘,2010,建材營造業,上市
2601,益航,1965,貿易百貨業,上市
2603,長榮,1987,航運業,上市
2605,新興,1989,航運業,上市
2606,裕民,1990,航運業,上市
2607,榮運,1990,航運業,上市
2608,嘉里大榮,1990,航運業,上市
2609,陽明,1992,航運業,上市
2610,華航,1993,航運業,上市
2611,志信,1993,航運業,上市
2612,中航,1994,航運業,上市
2613,中櫃,1995,航運業,上市
2614,東森,1995,其他業,上市
2615,萬海,1996,航運業,上市
2616,山隆,1997,油電燃氣業,上市
2617,台航,1998,航運業,上市
2618,長榮航,2001,航運業,上市
2630,亞航,2018,航運業,上市
2633,台灣高鐵,2016,航運業,上市
2634,漢翔,2014,航運業,上市
2636,台驊控股,2016,航運業,上市
2637,慧洋-KY,2010,航運業,上市
2642,宅配通,2013,航運業,上市
2645,長榮航太,2023,航運業,上市
2646,星宇航空,2024,航運業,上市
2701,萬企,1965,觀光餐旅,上市
2702,華園,1965,觀光餐旅,上市
2704,國賓,1982,觀光餐旅,上市
2705,六福,1988,觀光餐旅,上市
2706,第一店,1991,觀光餐旅,上市
2707,晶華,1998,觀光餐旅,上市
2712,遠雄來,2013,觀光餐旅,上市
2722,夏都,2012,觀光餐旅,上市
2723,美食-KY,2010,觀光餐旅,上市
2727,王品,2012,觀光餐旅,上市
2731,雄獅,2013,觀光餐旅,上市
2739,寒舍,2016,觀光餐旅,上市
2748,雲品,2016,觀光餐旅,上市
2753,八方雲集,2021,觀光餐旅,上市
2762,世界健身-KY,2024,運動休閒,上市
2801,彰銀,1962,金融保險業,上市
2812,台中銀,1984,金融保險業,上市
2816,旺旺保,1992,金融保險業,上市
2820,華票,1994,金融保險業,上市
2832,台產,1997,金融保險業,上市
2834,臺企銀,1998,金融保險業,上市
2836,高雄銀,1998,金融保險業,上市
2838,聯邦銀,1998,金融保險業,上市
2845,遠東銀,1998,金融保險業,上市
2849,安泰銀,1999,金融保險業,上市
2850,新產,2000,金融保險業,上市
2851,中再保,2000,金融保險業,上市
2852,第一保,2000,金融保險業,上市
2855,統一證,2002,金融保險業,上市
2867,三商壽,2012,金融保險業,上市
2880,華南金,2001,金融保險業,上市
2881,富邦金,2001,金融保險業,上市
2882,國泰金,2001,金融保險業,上市
2883,凱基金,2001,金融保險業,上市
2884,玉山金,2002,金融保險業,上市
2885,元大金,2002,金融保險業,上市
2886,兆豐金,2002,金融保險業,上市
2887,台新新光金,2002,金融保險業,上市
2889,國票金,2002,金融保險業,上市
2890,永豐金,2002,金融保險業,上市
2891,中信金,2002,金融保險業,上市
2892,第一金,2003,金融保險業,上市
2897,王道銀行,2017,金融保險業,上市
2901,欣欣,1976,貿易百貨業,上市
2903,遠百,1978,貿易百貨業,上市
2904,匯僑,1983,其他業,上市
2905,三商,1988,貿易百貨業,上市
2906,高林,1989,貿易百貨業,上市
2908,特力,1993,貿易百貨業,上市
2910,統領,1996,貿易百貨業,上市
2911,麗嬰房,1997,貿易百貨業,上市
2912,統一超,1997,貿易百貨業,上市
2913,農林,1962,貿易百貨業,上市
2915,潤泰全,1977,貿易百貨業,上市
2923,鼎固-KY,2012,建材營造業,上市
2929,淘帝-KY,2013,貿易百貨業,上市
2939,永邑-KY,2018,貿易百貨業,上市
2945,三商家購,2021,貿易百貨業,上市
3002,歐格,2002,電腦及週邊設備業,上市
3003,健和興,2002,電子零組件業,上市
3004,豐達科,2002,鋼鐵工業,上市
3005,神基,2002,電腦及週邊設備業,上市
3006,晶豪科,2002,半導體業,上市
3008,大立光,2002,光電業,上市
3010,華立,2002,電子通路業,上市
3011,今皓,2002,電子零組件業,上市
3013,晟銘電,2002,電腦及週邊設備業,上市
3014,聯陽,2002,半導體業,上市
3015,全漢,2002,電子零組件業,上市
3016,嘉晶,2002,半導體業,上市
3017,奇鋐,2002,電腦及週邊設備業,上市
3018,隆銘綠能,2002,其他電子業,上市
3019,亞光,2002,光電業,上市
3021,鴻名,2002,電子零組件業,上市
3022,威強電,2002,電腦及週邊設備業,上市
3023,信邦,2002,電子零組件業,上市
3024,憶聲,2002,光電業,上市
3025,星通,2002,通信網路業,上市
3026,禾伸堂,2002,電子零組件業,上市
3027,盛達,2002,通信網路業,上市
3028,增你強,2002,電子通路業,上市
3029,零壹,2002,資訊服務業,上市
3030,德律,2002,其他電子業,上市
3031,佰鴻,2002,光電業,上市
3032,偉訓,2002,電子零組件業,上市
3033,威健,2002,電子通路業,上市
3034,聯詠,2002,半導體業,上市
3035,智原,2002,半導體業,上市
3036,文曄,2002,電子通路業,上市
3037,欣興,2002,電子零組件業,上市
3038,全台,2002,光電業,上市
3040,遠見,2002,其他業,上市
3041,揚智,2002,半導體業,上市
3042,晶技,2002,電子零組件業,上市
3043,科風,2002,其他電子業,上市
3044,健鼎,2002,電子零組件業,上市
3045,台灣大,2002,通信網路業,上市
3046,建碁,2002,電腦及週邊設備業,上市
3047,訊舟,2002,通信網路業,上市
3048,益登,2002,電子通路業,上市
3049,精金,2002,光電業,上市
3050,鈺德,2002,光電業,上市
3051,力特,2002,光電業,上市
3052,夆典,1995,建材營造業,上市
3054,立萬利,2002,食品工業,上市
3055,蔚華科,2002,電子通路業,上市
3056,富華新,2003,建材營造業,上市
3057,喬鼎,2002,電腦及週邊設備業,上市
3058,立德,2002,電子零組件業,上市
3059,華晶科,2002,光電業,上市
3060,銘異,2003,電腦及週邊設備業,上市
3062,建漢,2003,通信網路業,上市
3090,日電貿,2007,電子零組件業,上市
3092,鴻碩,2021,電子零組件業,上市
3094,聯傑,2007,半導體業,上市
3130,一零四,2006,數位雲端,上市
3135,凌航,2025,半導體業,上市
3138,耀登,2020,通信網路業,上市
3149,正達,2011,光電業,上市
3164,景岳,2010,生技醫療業,上市
3167,大量,2013,電機機械,上市
3168,眾福科,2024,光電業,上市
3189,景碩,2004,半導體業,上市
3209,全科,2008,電子通路業,上市
3229,晟鈦,2009,電子零組件業,上市
3231,緯創,2003,電腦及週邊設備業,上市
3257,虹冠電,2011,半導體業,上市
3266,昇陽,2014,建材營造業,上市
3296,勝德,2007,電子零組件業,上市
3305,昇貿,2008,其他電子業,上市
3308,聯德,2008,電子零組件業,上市
3311,閎暉,2004,通信網路業,上市
3312,弘憶股,2010,電子通路業,上市
3321,同泰,2015,電子零組件業,上市
3338,泰碩,2013,電子零組件業,上市
3346,麗清,2016,汽車工業,上市
3356,奇偶,2005,光電業,上市
3376,新日興,2007,電子零組件業,上市
3380,明泰,2004,通信網路業,上市
3406,玉晶光,2005,光電業,上市
3413,京鼎,2015,半導體業,上市
3416,融程電,2015,電腦及週邊設備業,上市
3419,譁裕,2008,通信網路業,上市
3432,台端,2010,電子零組件業,上市
3437,榮創,2014,光電業,上市
3443,創意,2006,半導體業,上市
3447,展達,2022,通信網路業,上市
3450,聯鈞,2006,半導體業,上市
3454,晶睿,2011,光電業,上市
3481,群創,2006,光電業,上市
3494,誠研,2007,電腦及週邊設備業,上市
3501,維熹,2007,電子零組件業,上市
3504,揚明光,2007,光電業,上市
3515,華擎,2007,電腦及週邊設備業,上市
3518,柏騰,2007,其他電子業,上市
3528,安馳,2016,電子通路業,上市
3530,晶相光,2018,半導體業,上市
3532,台勝科,2007,半導體業,上市
3533,嘉澤,2007,電子零組件業,上市
3535,晶彩科,2008,光電業,上市
3543,州巧,2020,光電業,上市
3545,敦泰,2007,半導體業,上市
3550,聯穎,2010,電子零組件業,上市
3557,嘉威,2008,居家生活,上市
3563,牧德,2019,光電業,上市
3576,聯合再生,2009,光電業,上市
3583,辛耘,2013,半導體業,上市
3588,通嘉,2009,半導體業,上市
3591,艾笛森,2010,光電業,上市
3592,瑞鼎,2022,半導體業,上市
3593,力銘,2009,電子零組件業,上市
3596,智易,2009,通信網路業,上市
3605,宏致,2009,電子零組件業,上市
3607,谷崧,2009,電子零組件業,上市
3617,碩天,2009,其他電子業,上市
3622,洋華,2009,光電業,上市
3645,達邁,2011,電子零組件業,上市
3652,精聯,2022,電腦及週邊設備業,上市
3653,健策,2009,電子零組件業,上市
3661,世芯-KY,2014,半導體業,上市
3665,貿聯-KY,2011,其他電子業,上市
3669,圓展,2011,通信網路業,上市
3679,新至陞,2011,電子零組件業,上市
3686,達能,2010,半導體業,上市
3694,海華,2011,通信網路業,上市
3701,大眾控,2004,電腦及週邊設備業,上市
3702,大聯大,2005,電子通路業,上市
3703,欣陸,2010,建材營造業,上市
3704,合勤控,2010,通信網路業,上市
3705,永信,2011,生技醫療業,上市
3706,神達,2013,電腦及週邊設備業,上市
3708,上緯投控,2016,綠能環保,上市
3711,日月光投控,2018,半導體業,上市
3712,永崴投控,2018,電腦及週邊設備業,上市
3714,富采,2021,光電業,上市
3715,定穎投控,2022,電子零組件業,上市
3716,中化控股,2024,生技醫療業,上市
3717,聯嘉投控,2018,汽車工業,上市
4104,佳醫,2007,生技醫療業,上市
4106,雃博,2004,生技醫療業,上市
4108,懷特,2008,生技醫療業,上市
4119,旭富,2004,生技醫療業,上市
4133,亞諾法,2009,生技醫療業,上市
4137,麗豐-KY,2013,生技醫療業,上市
4142,國光生,2012,生技醫療業,上市
4148,全宇生技-KY,2017,生技醫療業,上市
4155,訊映,2017,生技醫療業,上市
4164,承業醫,2012,生技醫療業,上市
4190,佐登-KY,2015,生技醫療業,上市
4306,炎洲,2008,塑膠工業,上市
4414,如興,2004,紡織纖維,上市
4426,利勤,2011,紡織纖維,上市
4438,廣越,2016,紡織纖維,上市
4439,冠星-KY,2019,紡織纖維,上市
4440,宜新實業,2021,紡織纖維,上市
4441,振大環球,2025,紡織纖維,上市
4526,東台,2003,電機機械,上市
4532,瑞智,2003,電機機械,上市
4536,拓凱,2013,運動休閒,上市
4540,全球傳動,2018,電機機械,上市
4545,銘鈺,2016,電子零組件業,上市
4551,智伸科,2015,汽車工業,上市
4552,力達-KY,2016,電機機械,上市
4555,氣立,2015,電機機械,上市
4557,永新-KY,2015,汽車工業,上市
4560,強信-KY,2017,電機機械,上市
4562,穎漢,2017,電機機械,上市
4564,元翎,2019,電機機械,上市
4566,時碩工業,2018,電機機械,上市
4569,六方科-KY,2023,汽車工業,上市
4571,鈞興-KY,2019,電機機械,上市
4572,駐龍,2019,電機機械,上市
4576,大銀微系統,2019,電機機械,上市
4581,光隆精密-KY,2020,汽車工業,上市
4583,台灣精銳,2022,電機機械,上市
4585,達明,2025,其他電子業,上市
4588,玖鼎電力,2024,其他電子業,上市
4720,德淵,2015,化學工業,上市
4722,國精化,2012,化學工業,上市
4736,泰博,2023,生技醫療業,上市
4737,華廣,2010,生技醫療業,上市
4739,康普,2017,化學工業,上市
4746,台耀,2011,生技醫療業,上市
4755,三福化,2013,化學工業,上市
4763,材料*-KY,2015,化學工業,上市
4764,雙鍵,2018,化學工業,上市
4766,南寶,2018,化學工業,上市
4770,上品,2021,化學工業,上市
4771,望隼,2024,生技醫療業,上市
4807,日成-KY,2017,貿易百貨業,上市
4904,遠傳,2005,通信網路業,上市
4906,正文,2003,通信網路業,上市
4912,聯德控股-KY,2015,電子零組件業,上市
4915,致伸,2012,電子零組件業,上市
4916,事欣科,2013,電腦及週邊設備業,上市
4919,新唐,2010,半導體業,上市
4927,泰鼎-KY,2015,電子零組件業,上市
4930,燦星網,2010,電器電纜,上市
4934,太極,2010,光電業,上市
4935,茂林-KY,2011,光電業,上市
4938,和碩,2010,電腦及週邊設備業,上市
4942,嘉彰,2011,光電業,上市
4943,康控-KY,2016,電子零組件業,上市
4949,有成精密,2024,光電業,上市
4952,凌通,2011,半導體業,上市
4956,光鋐,2011,光電業,上市
4958,臻鼎-KY,2011,電子零組件業,上市
4960,誠美材,2011,光電業,上市
4961,天鈺,2018,半導體業,上市
4967,十銓,2019,半導體業,上市
4968,立積,2015,半導體業,上市
4976,佳凌,2012,光電業,上市
4977,眾達-KY,2013,通信網路業,上市
4989,榮科,2018,電子零組件業,上市
4994,傳奇,2013,資訊服務業,上市
4999,鑫禾,2013,電子零組件業,上市
5007,三星,2011,鋼鐵工業,上市
5203,訊連,2004,資訊服務業,上市
5215,科嘉-KY,2011,電腦及週邊設備業,上市
5222,全訊,2021,半導體業,上市
5225,東科-KY,2012,其他電子業,上市
5234,達興材料,2012,光電業,上市
5243,乙盛-KY,2013,光電業,上市
5244,弘凱,2022,光電業,上市
5258,虹堡,2016,電腦及週邊設備業,上市
5269,祥碩,2012,半導體業,上市
5283,禾聯碩,2019,電器電纜,上市
5284,jpp-KY,2017,其他業,上市
5285,界霖,2014,半導體業,上市
5288,豐祥-KY,2014,電機機械,上市
5292,華懋,2020,綠能環保,上市
5306,桂盟,2022,運動休閒,上市
5388,中磊,2007,通信網路業,上市
5434,崇越,2003,電子通路業,上市
5469,瀚宇博,2003,電子零組件業,上市
5471,松翰,2003,半導體業,上市
5484,慧友,2003,光電業,上市
5515,建國,2003,建材營造業,上市
5519,隆大,2014,建材營造業,上市
5521,工信,2012,建材營造業,上市
5522,遠雄,2007,建材營造業,上市
5525,順天,2004,建材營造業,上市
5531,鄉林,2005,建材營造業,上市
5533,皇鼎,2008,建材營造業,上市
5534,長虹,2004,建材營造業,上市
5538,東明-KY,2013,鋼鐵工業,上市
5546,永固-KY,2020,建材營造業,上市
5607,遠雄港,2004,航運業,上市
5608,四維航,2003,航運業,上市
5706,鳳凰,2011,觀光餐旅,上市
5871,中租-KY,2011,其他業,上市
5876,上海商銀,2018,金融保險業,上市
5880,合庫金,2011,金融保險業,上市
5906,台南-KY,2011,貿易百貨業,上市
5907,大洋-KY,2012,貿易百貨業,上市
6005,群益證,2005,金融保險業,上市
6024,群益期,2017,金融保險業,上市
6108,競國,2008,電子零組件業,上市
6112,邁達特,2003,資訊服務業,上市
6115,鎰勝,2004,電子零組件業,上市
6116,彩晶,2004,光電業,上市
6117,迎廣,2003,電腦及週邊設備業,上市
6120,達運,2006,光電業,上市
6128,上福,2003,電腦及週邊設備業,上市
6133,金橋,2003,電子零組件業,上市
6136,富爾特,2003,通信網路業,上市
6139,亞翔,2003,其他電子業,上市
6141,柏承,2003,電子零組件業,上市
6142,友勁,2003,通信網路業,上市
6152,百一,2009,通信網路業,上市
6153,嘉聯益,2008,電子零組件業,上市
6155,鈞寶,2006,電子零組件業,上市
6164,華興,2008,光電業,上市
6165,浪凡,2003,數位雲端,上市
6166,凌華,2004,電腦及週邊設備業,上市
6168,宏齊,2003,光電業,上市
6176,瑞儀,2007,光電業,上市
6177,達麗,2013,建材營造業,上市
6183,關貿,2011,資訊服務業,上市
6184,大豐電,2005,其他業,上市
6189,豐藝,2004,電子通路業,上市
6191,精成科,2007,電子零組件業,上市
6192,巨路,2004,其他電子業,上市
6196,帆宣,2004,其他電子業,上市
6197,佳必琪,2004,電子零組件業,上市
6201,亞弘電,2004,其他電子業,上市
6202,盛群,2004,半導體業,上市
6205,詮欣,2008,電子零組件業,上市
6206,飛捷,2004,電腦及週邊設備業,上市
6209,今國光,2004,光電業,上市
6213,聯茂,2008,電子零組件業,上市
6214,精誠,2010,資訊服務業,上市
6215,和椿,2007,其他電子業,上市
6216,居易,2004,通信網路業,上市
6224,聚鼎,2009,電子零組件業,上市
6225,天瀚,2004,光電業,上市
6226,光鼎,2008,光電業,上市
6230,尼得科超眾,2010,電腦及週邊設備業,上市
6235,華孚,2004,電腦及週邊設備業,上市
6239,力成,2004,半導體業,上市
6243,迅杰,2009,半導體業,上市
6257,矽格,2003,半導體業,上市
6269,台郡,2003,電子零組件業,上市
6271,同欣電,2007,半導體業,上市
6272,驊陞,2025,電子零組件業,上市
6277,宏正,2003,電腦及週邊設備業,上市
6278,台表科,2010,光電業,上市
6281,全國電,2005,電子通路業,上市
6282,康舒,2003,電子零組件業,上市
6283,淳安,2008,其他電子業,上市
6285,啟碁,2003,通信網路業,上市
6405,悅城,2013,光電業,上市
6409,旭隼,2014,其他電子業,上市
6412,群電,2013,電子零組件業,上市
6414,樺漢,2014,電腦及週邊設備業,上市
6415,矽力*-KY,2013,半導體業,上市
6416,瑞祺電通,2018,通信網路業,上市
6426,統新,2021,通信網路業,上市
6431,光麗-KY,2014,生技醫療業,上市
6438,迅得,2021,其他電子業,上市
6442,光聖,2015,通信網路業,上市
6443,元晶,2015,光電業,上市
6446,藥華藥,2024,生技醫療業,上市
6449,鈺邦,2014,電子零組件業,上市
6451,訊芯-KY,2015,半導體業,上市
6456,GIS-KY,2015,光電業,上市
6464,台數科,2015,其他業,上市
6472,保瑞,2023,生技醫療業,上市
6477,安集,2016,光電業,上市
6491,晶碩,2019,生技醫療業,上市
6504,南六,2013,其他業,上市
6505,台塑化,2003,油電燃氣業,上市
6515,穎崴,2021,半導體業,上市
6525,捷敏-KY,2016,半導體業,上市
6526,達發,2023,半導體業,上市
6531,愛普*,2016,半導體業,上市
6533,晶心科,2017,半導體業,上市
6541,泰福-KY,2017,生技醫療業,上市
6550,北極星藥業-KY,2022,生技醫療業,上市
6552,易華電,2017,半導體業,上市
6558,興能高,2018,其他電子業,上市
6573,虹揚-KY,2017,半導體業,上市
6579,研揚,2017,電腦及週邊設備業,上市
6581,鋼聯,2018,綠能環保,上市
6582,申豐,2017,橡膠工業,上市
6585,鼎基,2022,其他業,上市
6589,台康生技,2025,生技醫療業,上市
6591,動力-KY,2017,電腦及週邊設備業,上市
6592,和潤企業,2019,其他業,上市
6598,ABC-KY,2020,生技醫療業,上市
6605,帝寶,2004,汽車工業,上市
6606,建德工業,2023,電機機械,上市
6614,資拓宏宇,2025,數位雲端,上市
6625,必應,2018,其他業,上市
6641,基士德-KY,2018,綠能環保,上市
6655,科定,2018,其他業,上市
6657,華安,2023,生技醫療業,上市
6658,聯策,2023,其他電子業,上市
6666,羅麗芬-KY,2018,生技醫療業,上市
6668,中揚光,2018,光電業,上市
6669,緯穎,2019,電腦及週邊設備業,上市
6670,復盛應用,2018,運動休閒,上市
6671,三能-KY,2018,居家生活,上市
6672,騰輝電子-KY,2019,電子零組件業,上市
6674,鋐寶科技,2018,通信網路業,上市
6689,伊雲谷,2022,數位雲端,上市
6691,洋基工程,2022,其他電子業,上市
6695,芯鼎,2022,半導體業,上市
6698,旭暉應材,2019,其他電子業,上市
6706,惠特,2019,光電業,上市
6715,嘉基,2019,電子零組件業,上市
6719,力智,2022,半導體業,上市
6722,輝創,2026,其他電子業,上市
6742,澤米,2023,光電業,上市
6743,安普新,2020,其他電子業,上市
6753,龍德造船,2023,航運業,上市
6754,匯僑設計,2020,居家生活,上市
6756,威鋒電子,2020,半導體業,上市
6757,台灣虎航,2024,航運業,上市
6768,志強-KY,2021,運動休閒,上市
6770,力積電,2021,半導體業,上市
6776,展碁國際,2021,電子通路業,上市
6781,AES-KY,2021,電子零組件業,上市
6782,視陽,2022,生技醫療業,上市
6789,采鈺,2022,半導體業,上市
6790,永豐實,2021,造紙工業,上市
6792,詠業,2021,通信網路業,上市
6794,向榮生技,2025,生技醫療業,上市
6796,晉弘,2022,生技醫療業,上市
6799,來頡,2022,半導體業,上市
6805,富世達,2023,電子零組件業,上市
6806,森崴能源,2021,綠能環保,上市
6807,峰源-KY,2022,居家生活,上市
6830,汎銓,2022,其他電子業,上市
6831,邁科,2025,電腦及週邊設備業,上市
6834,天二科技,2022,電子零組件業,上市
6835,圓裕,2022,電子零組件業,上市
6838,台新藥,2024,生技醫療業,上市
6861,睿生光電,2023,生技醫療業,上市
6862,三集瑞-KY,2024,電子零組件業,上市
6863,永道-KY,2023,通信網路業,上市
6869,雲豹能源,2024,綠能環保,上市
6873,泓德能源,2024,綠能環保,上市
6885,全福生技,2024,生技醫療業,上市
6887,寶綠特-KY,2025,綠能環保,上市
6890,來億-KY,2024,運動休閒,上市
6901,鑽石投資,2023,其他業,上市
6902,GOGOLOOK,2025,數位雲端,上市
6906,現觀科,2024,數位雲端,上市
6909,創控,2025,半導體業,上市
6914,阜爾運通,2024,其他業,上市
6916,華凌,2023,光電業,上市
6918,愛派司,2025,生技醫療業,上市
6919,康霈*,2024,生技醫療業,上市
6923,中台,2024,綠能環保,上市
6928,攸泰科技,2024,電腦及週邊設備業,上市
6931,青松健康,2025,生技醫療業,上市
6933,AMAX-KY,2023,電腦及週邊設備業,上市
6934,心誠鎂,2026,生技醫療業,上市
6936,永鴻生技,2025,生技醫療業,上市
6937,天虹,2023,半導體業,上市
6944,兆聯實業,2025,綠能環保,上市
6952,大武山,2024,其他業,上市
6957,裕慶-KY,2024,其他業,上市
6958,日盛台駿,2024,其他業,上市
6962,奕力-KY,2024,半導體業,上市
6965,中傑-KY,2025,運動休閒,上市
6994,富威電力,2025,綠能環保,上市
7705,三商餐飲,2024,觀光餐旅,上市
7711,永擎,2025,電腦及週邊設備業,上市
7721,微程式,2025,數位雲端,上市
7722,LINEPAY,2024,數位雲端,上市
7732,金興精密,2025,汽車工業,上市
7736,虎山,2025,汽車工業,上市
7749,意騰-KY,2025,半導體業,上市
7750,新代,2025,電機機械,上市
7765,中華資安,2025,數位雲端,上市
7769,鴻勁,2025,半導體業,上市
7780,大研生醫*,2026,食品工業,上市
7786,東方風能,2025,綠能環保,上市
7788,松川精密,2025,電子零組件業,上市
7791,皇家可口,2025,食品工業,上市
7795,長廣,2026,電子零組件業,上市
7799,禾榮科,2025,生技醫療業,上市
8011,台通,2011,通信網路業,上市
8016,矽創,2003,半導體業,上市
8021,尖點,2008,其他電子業,上市
8028,昇陽半導體,2018,半導體業,上市
8033,雷虎,2007,其他業,上市
8039,台虹,2009,電子零組件業,上市
8045,達運光電,2024,通信網路業,上市
8046,南電,2006,電子零組件業,上市
8070,長華*,2007,電子通路業,上市
8072,陞泰,2005,電子通路業,上市
8081,致新,2008,半導體業,上市
8101,華冠,2004,通信網路業,上市
8103,瀚荃,2009,電子零組件業,上市
8104,錸寶,2019,光電業,上市
8105,凌巨,2006,光電業,上市
8110,華東,2007,半導體業,上市
8112,至上,2007,電子通路業,上市
8114,振樺電,2012,電腦及週邊設備業,上市
8131,福懋科,2007,半導體業,上市
8150,南茂,2014,半導體業,上市
8163,達方,2007,電腦及週邊設備業,上市
8201,無敵,2007,其他電子業,上市
8210,勤誠,2011,電腦及週邊設備業,上市
8213,志超,2009,電子零組件業,上市
8215,明基材,2010,光電業,上市
8222,寶一,2015,電機機械,上市
8249,菱光,2005,電子零組件業,上市
8261,富鼎,2009,半導體業,上市
8271,宇瞻,2010,半導體業,上市
8341,日友,2015,綠能環保,上市
8367,建新國際,2018,航運業,上市
8374,羅昇,2008,電機機械,上市
8404,百和興業-KY,2011,其他業,上市
8411,福貞-KY,2011,其他業,上市
8422,可寧衛*,2011,綠能環保,上市
8429,金麗-KY,2012,貿易百貨業,上市
8438,昶昕,2022,綠能環保,上市
8442,威宏-KY,2016,其他業,上市
8443,阿瘦,2014,貿易百貨業,上市
8454,富邦媒,2014,數位雲端,上市
8462,柏文,2019,運動休閒,上市
8463,潤泰材,2015,其他業,上市
8464,億豐,2015,居家生活,上市
8466,美吉吉-KY,2016,其他業,上市
8467,波力-KY,2015,運動休閒,上市
8473,山林水,2016,綠能環保,上市
8476,台境*,2023,綠能環保,上市
8478,東哥遊艇,2017,運動休閒,上市
8481,政伸,2017,其他業,上市
8482,商億-KY,2018,居家生活,上市
8488,吉源-KY,2016,其他業,上市
8499,鼎炫-KY,2017,其他電子業,上市
8926,台汽電,2003,油電燃氣業,上市
8940,新天地,2009,觀光餐旅,上市
8996,高力,2014,電機機械,上市
9802,鈺齊-KY,2012,運動休閒,上市
9902,台火,1964,其他業,上市
9904,寶成,1990,運動休閒,上市
9905,大華,1990,其他業,上市
9906,欣巴巴,1990,建材營造業,上市
9907,統一實,1991,其他業,上市
9908,大台北,1991,油電燃氣業,上市
9910,豐泰,1992,運動休閒,上市
9911,櫻花,1992,居家生活,上市
9912,偉聯,1992,電腦及週邊設備業,上市
9914,美利達,1992,運動休閒,上市
9917,中保科,1993,其他業,上市
9918,欣天然,1994,油電燃氣業,上市
9919,康那香,1994,其他業,上市
9921,巨大,1994,運動休閒,上市
9924,福興,1995,居家生活,上市
9925,新保,1995,其他業,上市
9926,新海,1998,油電燃氣業,上市
9927,泰銘,1999,其他業,上市
9928,中視,1999,其他業,上市
9929,秋雨,1999,其他業,上市
9930,中聯資源,1999,綠能環保,上市
9931,欣高,2000,油電燃氣業,上市
9933,中鼎,1993,其他業,上市
9934,成霖,2000,居家生活,上市
9935,慶豐富,2000,居家生活,上市
9937,全國,2000,油電燃氣業,上市
9938,百和,2001,其他業,上市
9939,宏全,2001,其他業,上市
9940,信義,2001,其他業,上市
9941,裕融,2001,其他業,上市
9942,茂順,2002,其他業,上市
9943,好樂迪,2002,觀光餐旅,上市
9944,新麗,2002,其他業,上市
9945,潤泰新,1992,其他業,上市
9946,三發地產,2013,建材營造業,上市
9955,佳龍,2008,綠能環保,上市
9958,世紀鋼,2008,鋼鐵工業,上市
2254,巨鎧精密-創,2023,汽車工業,上市
2258,鴻華先進-創,2023,汽車工業,上市
2432,倚天酷碁-創,2023,電腦及週邊設備業,上市
3150,鈺寶-創,2024,半導體業,上市
4590,富田-創,2026,電機機械,上市
6534,正瀚-創,2023,生技醫療業,上市
6645,金萬林-創,2023,生技醫療業,上市
6771,平和環保-創,2024,綠能環保,上市
6854,錼創科技-KY創,2022,半導體業,上市
6921,嘉雨思-創,2025,半導體業,上市
6924,榮惠-KY創,2024,電子零組件業,上市
6949,沛爾生醫-創,2024,生技醫療業,上市
6951,青新-創,2024,綠能環保,上市
6955,邦睿生技-創,2024,生技醫療業,上市
6969,成信實業*-創,2024,綠能環保,上市
6988,威力暘-創,2024,汽車工業,上市
7610,聯友金屬-創,2025,綠能環保,上市
7631,聚賢研發-創,2025,其他電子業,上市
7730,暉盛-創,2025,半導體業,上市
7740,熙特爾-創,2025,綠能環保,上市
7823,奧義賽博-KY創,2026,數位雲端,上市
8162,微矽電子-創,2024,半導體業,上市
8487,愛爾達-創,2024,數位雲端,上市
1240,茂生農經,2018,農業科技業,上櫃
1259,安心,2011,觀光餐旅,上櫃
1264,德麥,2015,食品工業,上櫃
1268,漢來美食,2017,觀光餐旅,上櫃
1294,漢田生技,2024,食品工業,上櫃
1295,生合,2025,食品工業,上櫃
1336,台翰,2007,電子零組件業,上櫃
1565,精華,2004,生技醫療業,上櫃
1569,濱川,2005,電腦及週邊設備業,上櫃
1570,力肯,2005,電機機械,上櫃
1580,新麥,2007,電機機械,上櫃
1584,精剛,2007,其他業,上櫃
1586,和勤,2012,電機機械,上櫃
1591,駿吉-KY,2012,電機機械,上櫃
1593,祺驊,2012,運動休閒,上櫃
1595,川寶,2011,電子零組件業,上櫃
1599,宏佳騰,2012,電機機械,上櫃
1742,台蠟,2004,化學工業,上櫃
1777,生泰,2005,生技醫療業,上櫃
1781,合世,2004,生技醫療業,上櫃
1784,訊聯,2007,生技醫療業,上櫃
1785,光洋科,2005,其他電子業,上櫃
1788,杏昌,2009,生技醫療業,上櫃
1796,金穎生技,2018,食品工業,上櫃
1799,易威,2008,生技醫療業,上櫃
1813,寶利徠,2009,生技醫療業,上櫃
1815,富喬,2006,電子零組件業,上櫃
2035,唐榮,2006,鋼鐵工業,上櫃
2061,風青,2010,電器電纜,上櫃
2063,世鎧,2010,鋼鐵工業,上櫃
2064,晉椿,2014,鋼鐵工業,上櫃
2065,世豐,2017,鋼鐵工業,上櫃
2066,世德,2013,電機機械,上櫃
2067,嘉鋼,2014,電機機械,上櫃
2070,精湛,2018,電機機械,上櫃
2073,雄順,2023,鋼鐵工業,上櫃
2221,大甲,2007,其他業,上櫃
2230,泰茂,2013,電機機械,上櫃
2235,謚源,2014,電機機械,上櫃
2596,綠意,2009,建材營造業,上櫃
2640,大車隊,2012,數位雲端,上櫃
2641,正德,2014,航運業,上櫃
2643,捷迅,2016,航運業,上櫃
2718,全心投控,2011,建材營造業,上櫃
2719,燦星旅,2012,觀光餐旅,上櫃
2724,藝舍-KY,2012,其他業,上櫃
2726,雅茗-KY,2014,觀光餐旅,上櫃
2729,瓦城,2012,觀光餐旅,上櫃
2732,六角,2015,觀光餐旅,上櫃
2734,易飛網,2013,觀光餐旅,上櫃
2736,富野,2016,觀光餐旅,上櫃
2740,天蔥,2015,觀光餐旅,上櫃
2743,山富,2020,觀光餐旅,上櫃
2745,五福,2018,觀光餐旅,上櫃
2751,王座,2024,觀光餐旅,上櫃
2752,豆府,2019,觀光餐旅,上櫃
2754,亞洲藏壽司,2020,觀光餐旅,上櫃
2755,揚秦,2020,觀光餐旅,上櫃
2756,聯發國際,2022,觀光餐旅,上櫃
2916,滿心,2005,居家生活,上櫃
2924,宏太-KY,2011,居家生活,上櫃
2926,誠品生活,2013,文化創意業,上櫃
2937,集雅社,2017,居家生活,上櫃
2941,米斯特,2024,居家生活,上櫃
2947,振宇五金,2021,居家生活,上櫃
2948,寶陞,2023,居家生活,上櫃
2949,欣新網,2023,數位雲端,上櫃
3064,泰偉,2004,文化創意業,上櫃
3066,李洲,2004,光電業,上櫃
3067,全域,2003,其他電子業,上櫃
3071,協禧,2004,電腦及週邊設備業,上櫃
3073,天方能源,2007,綠能環保,上櫃
3078,僑威,2005,電子零組件業,上櫃
3081,聯亞,2015,通信網路業,上櫃
3083,網龍,2003,文化創意業,上櫃
3085,新零售,2004,數位雲端,上櫃
3086,華義,2004,文化創意業,上櫃
3088,艾訊,2005,電腦及週邊設備業,上櫃
3093,港建*,2005,其他電子業,上櫃
3095,及成,2005,通信網路業,上櫃
3105,穩懋,2011,半導體業,上櫃
3114,好德,2004,電子零組件業,上櫃
3115,富榮綱,2005,電子零組件業,上櫃
3118,進階,2008,生技醫療業,上櫃
3122,笙泉,2015,半導體業,上櫃
3128,昇銳,2006,光電業,上櫃
3131,弘塑,2011,其他電子業,上櫃
3141,晶宏,2014,半導體業,上櫃
3147,大綜,2018,資訊服務業,上櫃
3152,璟德,2008,通信網路業,上櫃
3158,嘉實,2025,資訊服務業,上櫃
3162,精確,2005,電機機械,上櫃
3163,波若威,2012,通信網路業,上櫃
3169,亞信,2009,半導體業,上櫃
3171,炎洲流通,2004,居家生活,上櫃
3176,基亞,2011,生技醫療業,上櫃
3178,公準,2018,半導體業,上櫃
3188,鑫龍騰,2004,建材營造業,上櫃
3191,雲嘉南,2005,電子零組件業,上櫃
3205,佰研,2005,生技醫療業,上櫃
3206,志豐,2007,電子零組件業,上櫃
3207,耀勝,2004,電子零組件業,上櫃
3211,順達,2004,電腦及週邊設備業,上櫃
3213,茂訊,2004,電腦及週邊設備業,上櫃
3217,優群,2004,電子零組件業,上櫃
3218,大學光,2004,生技醫療業,上櫃
3219,倚強科,2004,其他電子業,上櫃
3221,台嘉碩,2006,通信網路業,上櫃
3224,三顧,2004,電子通路業,上櫃
3226,龍鋒,2004,電機機械,上櫃
3227,原相,2006,半導體業,上櫃
3228,金麗科,2005,半導體業,上櫃
3230,錦明,2006,光電業,上櫃
3232,昱捷,2004,電子通路業,上櫃
3234,光環,2011,通信網路業,上櫃
3236,千如,2004,電子零組件業,上櫃
3252,海灣,2004,觀光餐旅,上櫃
3259,鑫創,2007,半導體業,上櫃
3260,威剛,2004,半導體業,上櫃
3264,欣銓,2005,半導體業,上櫃
3265,台星科,2005,半導體業,上櫃
3268,海德威,2005,半導體業,上櫃
3272,東碩,2014,電腦及週邊設備業,上櫃
3276,宇環,2005,電子零組件業,上櫃
3284,太普高,2005,其他業,上櫃
3285,微端,2012,其他電子業,上櫃
3287,廣寰科,2008,電腦及週邊設備業,上櫃
3288,點晶,2005,電子零組件業,上櫃
3289,宜特,2004,其他電子業,上櫃
3290,東浦,2005,電子零組件業,上櫃
3293,鈊象,2006,文化創意業,上櫃
3294,英濟,2007,電子零組件業,上櫃
3297,杭特,2005,光電業,上櫃
3303,岱稜,2007,其他電子業,上櫃
3306,鼎天,2005,通信網路業,上櫃
3310,佳穎,2008,電子零組件業,上櫃
3313,斐成,2006,其他業,上櫃
3317,尼克森,2007,半導體業,上櫃
3322,建舜電,2009,電子零組件業,上櫃
3323,加百裕,2007,電腦及週邊設備業,上櫃
3324,雙鴻,2005,其他電子業,上櫃
3325,旭品,2005,電腦及週邊設備業,上櫃
3332,幸康,2008,電子零組件業,上櫃
3339,泰谷,2006,光電業,上櫃
3349,寶德,2022,電腦及週邊設備業,上櫃
3354,律勝,2005,電子零組件業,上櫃
3357,臺慶科,2021,電子零組件業,上櫃
3360,尚立,2006,電子通路業,上櫃
3362,先進光,2005,光電業,上櫃
3363,上詮,2011,通信網路業,上櫃
3372,典範,2005,半導體業,上櫃
3373,熱映,2007,其他電子業,上櫃
3374,精材,2015,半導體業,上櫃
3379,彬台,2011,電機機械,上櫃
3388,崇越電,2006,電子零組件業,上櫃
3390,旭軟,2006,電子零組件業,上櫃
3402,漢科,2007,其他電子業,上櫃
3426,台興,2016,電機機械,上櫃
3430,奇鈦科,2022,化學工業,上櫃
3434,哲固,2008,光電業,上櫃
3438,類比科,2006,半導體業,上櫃
3441,聯一光,2010,光電業,上櫃
3444,利機,2008,電子通路業,上櫃
3455,由田,2007,光電業,上櫃
3465,進泰電子,2008,其他電子業,上櫃
3466,德晉,2006,通信網路業,上櫃
3467,台灣精材,2025,半導體業,上櫃
3479,安勤,2010,電腦及週邊設備業,上櫃
3483,力致,2006,電腦及週邊設備業,上櫃
3484,崧騰,2007,電子零組件業,上櫃
3489,森寶,2007,建材營造業,上櫃
3490,單井,2007,光電業,上櫃
3491,昇達科,2008,通信網路業,上櫃
3492,長盛,2015,電子零組件業,上櫃
3498,陽程,2007,其他電子業,上櫃
3499,環天科,2006,通信網路業,上櫃
3508,位速,2007,其他電子業,上櫃
3511,矽瑪,2009,電子零組件業,上櫃
3512,皇龍,2007,建材營造業,上櫃
3516,亞帝歐,2007,光電業,上櫃
3520,華盈,2007,電子零組件業,上櫃
3521,台鋼建設,2025,建材營造業,上櫃
3522,御嵿,2007,觀光餐旅,上櫃
3523,迎輝,2007,光電業,上櫃
3526,凡甲,2007,電子零組件業,上櫃
3527,聚積,2007,半導體業,上櫃
3529,力旺,2011,半導體業,上櫃
3531,先益,2008,光電業,上櫃
3537,堡達,2010,電子零組件業,上櫃
3540,曜越,2007,電腦及週邊設備業,上櫃
3541,西柏,2009,其他電子業,上櫃
3546,宇峻,2008,文化創意業,上櫃
3548,兆利,2008,電子零組件業,上櫃
3551,世禾,2008,綠能環保,上櫃
3552,同致,2009,其他電子業,上櫃
3555,博士旺,2011,半導體業,上櫃
3556,禾瑞亞,2008,半導體業,上櫃
3558,神準,2013,通信網路業,上櫃
3564,其陽,2013,通信網路業,上櫃
3567,逸昌,2010,半導體業,上櫃
3570,大塚,2008,資訊服務業,上櫃
3577,泓格,2009,電腦及週邊設備業,上櫃
3580,友威科,2010,其他電子業,上櫃
3581,博磊,2015,半導體業,上櫃
3587,閎康,2009,其他電子業,上櫃
3594,磐儀,2013,電腦及週邊設備業,上櫃
3597,映興,2020,電子零組件業,上櫃
3609,三一東林,2011,電子零組件業,上櫃
3611,鼎翰,2008,電腦及週邊設備業,上櫃
3615,安可,2009,光電業,上櫃
3623,富晶通,2010,光電業,上櫃
3624,光頡,2011,電子零組件業,上櫃
3625,西勝,2009,電腦及週邊設備業,上櫃
3628,盈正,2010,其他電子業,上櫃
3629,地心引力,2020,文化創意業,上櫃
3630,新鉅科,2010,光電業,上櫃
3631,晟楠,2010,電子零組件業,上櫃
3632,研勤,2011,通信網路業,上櫃
3646,艾恩特,2012,電子零組件業,上櫃
3663,鑫科,2012,其他電子業,上櫃
3664,安瑞-KY,2010,通信網路業,上櫃
3666,光耀,2014,光電業,上櫃
3672,康聯訊,2015,通信網路業,上櫃
3675,德微,2012,半導體業,上櫃
3680,家登,2011,半導體業,上櫃
3684,榮昌,2014,通信網路業,上櫃
3685,元創精密,2010,電機機械,上櫃
3687,歐買尬,2020,數位雲端,上櫃
3689,湧德,2012,電子零組件業,上櫃
3691,碩禾,2010,光電業,上櫃
3693,營邦,2013,電腦及週邊設備業,上櫃
3707,漢磊,2014,半導體業,上櫃
3709,鑫聯大投控,1999,電腦及週邊設備業,上櫃
3710,連展投控,2017,電子零組件業,上櫃
3713,新晶投控,2020,綠能環保,上櫃
4102,永日,2001,生技醫療業,上櫃
4105,東洋,2001,生技醫療業,上櫃
4107,邦特,2002,生技醫療業,上櫃
4109,加捷生醫,2002,生技醫療業,上櫃
4111,濟生,1999,生技醫療業,上櫃
4113,聯上,2003,建材營造業,上櫃
4114,健喬,2003,生技醫療業,上櫃
4116,明基醫,2015,生技醫療業,上櫃
4120,友華,2003,生技醫療業,上櫃
4121,優盛,2003,生技醫療業,上櫃
4123,晟德,2003,生技醫療業,上櫃
4126,太醫,2004,生技醫療業,上櫃
4127,天良,2005,生技醫療業,上櫃
4128,中天,2006,生技醫療業,上櫃
4129,聯合,2004,生技醫療業,上櫃
4130,健亞,2012,生技醫療業,上櫃
4131,浩泰,2004,生技醫療業,上櫃
4138,曜亞,2010,生技醫療業,上櫃
4139,馬光-KY,2011,生技醫療業,上櫃
4147,中裕,2015,生技醫療業,上櫃
4153,鈺緯,2013,生技醫療業,上櫃
4154,樂威科-KY,2011,其他業,上櫃
4157,太景*-KY,2013,生技醫療業,上櫃
4160,訊聯基因,2012,生技醫療業,上櫃
4161,聿新科,2013,生技醫療業,上櫃
4162,智擎,2012,生技醫療業,上櫃
4163,鐿鈦,2012,生技醫療業,上櫃
4166,友霖,2025,生技醫療業,上櫃
4167,松瑞藥,2015,生技醫療業,上櫃
4168,醣聯,2012,生技醫療業,上櫃
4171,瑞基,2018,農業科技業,上櫃
4173,久裕,2013,生技醫療業,上櫃
4174,浩鼎,2015,生技醫療業,上櫃
4175,杏一,2014,生技醫療業,上櫃
4183,福永生技,2017,生技醫療業,上櫃
4188,安克,2015,生技醫療業,上櫃
4192,杏國,2014,生技醫療業,上櫃
4198,欣大健康,2014,生技醫療業,上櫃
4205,中華食,1999,食品工業,上櫃
4207,環泰,2000,食品工業,上櫃
4303,信立,1999,塑膠工業,上櫃
4304,勝昱,2000,塑膠工業,上櫃
4305,世坤,2000,塑膠工業,上櫃
4401,東隆興,1996,紡織纖維,上櫃
4402,郡都開發,1997,紡織纖維,上櫃
4406,新昕纖,1999,紡織纖維,上櫃
4413,飛寶企業,1999,紡織纖維,上櫃
4416,三圓,2000,建材營造業,上櫃
4417,金洲,2000,紡織纖維,上櫃
4419,皇家美食,2001,觀光餐旅,上櫃
4420,光明,2002,紡織纖維,上櫃
4430,耀億,2011,其他業,上櫃
4432,銘旺實,2012,紡織纖維,上櫃
4433,興采,2014,紡織纖維,上櫃
4442,竣邦-KY,2023,紡織纖維,上櫃
4502,健信,1995,電機機械,上櫃
4503,金雨,1996,電機機械,上櫃
4506,崇友,1997,電機機械,上櫃
4510,高鋒,1998,電機機械,上櫃
4513,福裕,1998,電機機械,上櫃
4523,永彰,1999,電機機械,上櫃
4527,方土霖,2000,電機機械,上櫃
4528,江興鍛,2001,電機機械,上櫃
4529,淳紳,2001,其他業,上櫃
4530,宏易,2001,觀光餐旅,上櫃
4533,協易機,2002,電機機械,上櫃
4534,慶騰,2003,電機機械,上櫃
4535,至興,2003,電機機械,上櫃
4538,大詠城,2019,電機機械,上櫃
4541,晟田,2014,其他業,上櫃
4542,科嶠,2014,電子零組件業,上櫃
4543,萬在,2016,電機機械,上櫃
4549,桓達,2014,電機機械,上櫃
4550,長佳,2015,電機機械,上櫃
4554,橙的,2016,其他電子業,上櫃
4556,旭然,2015,其他業,上櫃
4558,寶緯,2022,電機機械,上櫃
4561,健椿,2018,電機機械,上櫃
4563,百德,2018,電機機械,上櫃
4568,科際精密,2018,電機機械,上櫃
4577,達航科技,2022,其他電子業,上櫃
4580,捷流閥業,2020,電機機械,上櫃
4584,君帆,2022,電機機械,上櫃
4609,唐鋒,2000,居家生活,上櫃
4702,中美實,1995,居家生活,上櫃
4706,大恭,1998,化學工業,上櫃
4707,磐亞,1998,化學工業,上櫃
4711,永純,1999,化學工業,上櫃
4714,永捷,2000,化學工業,上櫃
4716,大立,2000,化學工業,上櫃
4721,美琪瑪,2001,化學工業,上櫃
4726,永昕,2013,生技醫療業,上櫃
4728,雙美,2012,生技醫療業,上櫃
4729,熒茂,2009,光電業,上櫃
4735,豪展,2011,生技醫療業,上櫃
4741,泓瀚,2017,化學工業,上櫃
4743,合一,2011,生技醫療業,上櫃
4744,皇將,2018,生技醫療業,上櫃
4745,合富-KY,2013,生技醫療業,上櫃
4747,強生,2013,生技醫療業,上櫃
4749,新應材,2025,半導體業,上櫃
4754,國碳科,2016,化學工業,上櫃
4760,勤凱,2019,其他電子業,上櫃
4767,誠泰科技,2018,化學工業,上櫃
4768,晶呈科技,2022,化學工業,上櫃
4772,台特化,2024,化學工業,上櫃
4804,大略-KY,2015,觀光餐旅,上櫃
4806,桂田文創,2016,文化創意業,上櫃
4903,聯光通,2001,通信網路業,上櫃
4905,台聯電,2001,通信網路業,上櫃
4907,富宇,2002,建材營造業,上櫃
4908,前鼎,2002,通信網路業,上櫃
4909,新復興,2002,通信網路業,上櫃
4911,德英,2011,生技醫療業,上櫃
4923,力士,2022,半導體業,上櫃
4924,欣厚-KY,2011,電腦及週邊設備業,上櫃
4931,新盛力,2019,電腦及週邊設備業,上櫃
4933,友輝,2010,光電業,上櫃
4939,亞電,2011,電子零組件業,上櫃
4946,辣椒,2011,文化創意業,上櫃
4950,金耘國際,2012,鋼鐵工業,上櫃
4951,精拓科,2022,半導體業,上櫃
4953,緯軟,2014,資訊服務業,上櫃
4966,譜瑞-KY,2011,半導體業,上櫃
4971,IET-KY,2013,半導體業,上櫃
4972,湯石照明,2013,光電業,上櫃
4973,廣穎,2012,半導體業,上櫃
4974,亞泰,2011,電子零組件業,上櫃
4979,華星光,2011,通信網路業,上櫃
4987,科誠,2012,電腦及週邊設備業,上櫃
4991,環宇-KY,2014,半導體業,上櫃
4995,晶達,2012,光電業,上櫃
5009,榮剛,1998,鋼鐵工業,上櫃
5011,久陽,1999,鋼鐵工業,上櫃
5013,強新,2000,鋼鐵工業,上櫃
5014,建錩,2001,鋼鐵工業,上櫃
5015,華祺,2000,鋼鐵工業,上櫃
5016,松和,2001,鋼鐵工業,上櫃
5201,凱衛,2000,資訊服務業,上櫃
5202,力新,2000,資訊服務業,上櫃
5205,中茂,2001,綠能環保,上櫃
5206,坤悅,2001,建材營造業,上櫃
5209,新鼎,2002,其他業,上櫃
5210,寶碩,2002,資訊服務業,上櫃
5211,蒙恬,2002,資訊服務業,上櫃
5212,凌網,2003,資訊服務業,上櫃
5213,亞昕,2003,建材營造業,上櫃
5220,萬達光電,2018,光電業,上櫃
5223,安力-KY,2018,電腦及週邊設備業,上櫃
5227,立凱-KY,2013,電子零組件業,上櫃
5228,鈺鎧,2022,電子零組件業,上櫃
5230,雷笛克光學,2012,光電業,上櫃
5236,凌陽創新,2021,半導體業,上櫃
5245,智晶,2015,光電業,上櫃
5251,天鉞電,2012,光電業,上櫃
5263,智崴,2012,文化創意業,上櫃
5272,笙科,2013,半導體業,上櫃
5274,信驊,2013,半導體業,上櫃
5276,達輝-KY,2014,其他業,上櫃
5278,尚凡*,2013,數位雲端,上櫃
5287,數字,2014,數位雲端,上櫃
5289,宜鼎,2013,電腦及週邊設備業,上櫃
5291,邑昇,2014,電子零組件業,上櫃
5299,杰力,2018,半導體業,上櫃
5301,寶得利,1990,觀光餐旅,上櫃
5302,太欣,1991,半導體業,上櫃
5309,系統電,1996,電子零組件業,上櫃
5310,天剛,1996,資訊服務業,上櫃
5312,寶島科,1996,生技醫療業,上櫃
5314,世紀*,1996,其他業,上櫃
5315,光聯,1996,光電業,上櫃
5321,美而快,1996,數位雲端,上櫃
5324,士開,1997,建材營造業,上櫃
5328,華容,1997,電子零組件業,上櫃
5340,建榮,1998,電子零組件業,上櫃
5344,立衛,1998,半導體業,上櫃
5345,馥鴻,1998,其他業,上櫃
5347,世界,1998,半導體業,上櫃
5348,正能量智能,2025,運動休閒,上櫃
5351,鈺創,1998,半導體業,上櫃
5353,台林,1998,通信網路業,上櫃
5355,佳總,1998,電子零組件業,上櫃
5356,協益,1998,電腦及週邊設備業,上櫃
5364,力麗店,2013,觀光餐旅,上櫃
5371,中光電,1999,光電業,上櫃
5381,合正,1999,電子零組件業,上櫃
5386,青雲,1999,電腦及週邊設備業,上櫃
5392,能率,1999,光電業,上櫃
5398,慕康生醫,1999,其他業,上櫃
5403,中菲,1999,資訊服務業,上櫃
5410,國眾,1999,資訊服務業,上櫃
5425,台半,2000,半導體業,上櫃
5426,振發,2000,電腦及週邊設備業,上櫃
5432,新門,2000,綠能環保,上櫃
5438,東友,2000,電腦及週邊設備業,上櫃
5439,高技,2000,電子零組件業,上櫃
5443,均豪,1998,半導體業,上櫃
5450,南良,2020,其他業,上櫃
5452,佶優,2000,其他電子業,上櫃
5455,昇益,2000,建材營造業,上櫃
5457,宣德,2000,電子零組件業,上櫃
5460,同協,2000,電子零組件業,上櫃
5464,霖宏,2000,電子零組件業,上櫃
5465,富驊,2000,電腦及週邊設備業,上櫃
5468,凱鈺,2001,半導體業,上櫃
5474,聰泰,2001,電腦及週邊設備業,上櫃
5475,德宏,2001,電子零組件業,上櫃
5478,智冠,2001,文化創意業,上櫃
5481,新華,2020,其他業,上櫃
5483,中美晶,2001,半導體業,上櫃
5487,通泰,2001,半導體業,上櫃
5488,松普,2001,電子零組件業,上櫃
5489,彩富,2001,其他電子業,上櫃
5490,同亨,2001,電腦及週邊設備業,上櫃
5493,三聯,2001,其他電子業,上櫃
5498,凱崴,2001,電子零組件業,上櫃
5508,永信建,1998,建材營造業,上櫃
5511,德昌,1998,建材營造業,上櫃
5512,力麒,1998,建材營造業,上櫃
5514,三豐,1998,建材營造業,上櫃
5516,雙喜,1999,建材營造業,上櫃
5520,力泰,1999,建材營造業,上櫃
5523,豐謙,1999,建材營造業,上櫃
5529,鉅陞,1996,建材營造業,上櫃
5530,龍巖,2000,其他業,上櫃
5536,聖暉*,2010,其他電子業,上櫃
5543,桓鼎-KY,2016,建材營造業,上櫃
5547,久舜,2026,建材營造業,上櫃
5548,安倉,2024,建材營造業,上櫃
5601,台聯櫃,1994,航運業,上櫃
5603,陸海,1997,航運業,上櫃
5604,中連,1997,其他業,上櫃
5609,中菲行,2001,航運業,上櫃
5701,劍湖山,1998,觀光餐旅,上櫃
5703,亞都,1999,觀光餐旅,上櫃
5704,老爺知,1999,觀光餐旅,上櫃
5864,致和證,2018,金融保險業,上櫃
5878,台名,2014,金融保險業,上櫃
5902,德記,1998,居家生活,上櫃
5903,全家,2002,居家生活,上櫃
5904,寶雅,2002,居家生活,上櫃
5905,南仁湖,2003,觀光餐旅,上櫃
6015,宏遠證,1996,金融保險業,上櫃
6016,康和證,1996,金融保險業,上櫃
6020,大展證,2003,金融保險業,上櫃
6021,美好證,2003,金融保險業,上櫃
6023,元大期,2007,金融保險業,上櫃
6026,福邦證,2016,金融保險業,上櫃
6101,寬魚國際,2001,文化創意業,上櫃
6103,合邦,2001,半導體業,上櫃
6104,創惟,2001,半導體業,上櫃
6109,亞元,2001,通信網路業,上櫃
6111,大宇資,2001,文化創意業,上櫃
6113,亞矽,2001,電子通路業,上櫃
6114,久威,2001,電子零組件業,上櫃
6118,建達,2001,電子通路業,上櫃
6121,新普,2001,電腦及週邊設備業,上櫃
6122,擎邦,2000,電機機械,上櫃
6123,上奇,2002,資訊服務業,上櫃
6124,業強,2002,電子零組件業,上櫃
6125,廣運,2002,光電業,上櫃
6126,信音,2002,電子零組件業,上櫃
6127,九豪,2002,電子零組件業,上櫃
6129,普誠,2001,半導體業,上櫃
6130,上亞科技,2002,生技醫療業,上櫃
6134,萬旭,2002,電子零組件業,上櫃
6138,茂達,2002,半導體業,上櫃
6140,訊達,2002,資訊服務業,上櫃
6143,振曜,2002,通信網路業,上櫃
6144,得利影,2002,文化創意業,上櫃
6146,耕興,2002,其他電子業,上櫃
6147,頎邦,2002,半導體業,上櫃
6148,驊宏資,2002,資訊服務業,上櫃
6150,撼訊,2002,電腦及週邊設備業,上櫃
6151,晉倫,2002,其他電子業,上櫃
6154,順發,2002,電子通路業,上櫃
6156,松上,2002,電子零組件業,上櫃
6158,禾昌,2002,電子零組件業,上櫃
6160,欣技,2002,電腦及週邊設備業,上櫃
6161,捷波,2002,電腦及週邊設備業,上櫃
6163,華電網,2002,通信網路業,上櫃
6167,久正,2002,光電業,上櫃
6169,昱泉,2002,文化創意業,上櫃
6170,統振,2002,通信網路業,上櫃
6171,大城地產,2002,建材營造業,上櫃
6173,信昌電,2002,電子零組件業,上櫃
6174,安碁,2002,電子零組件業,上櫃
6175,立敦,2002,電子零組件業,上櫃
6179,亞通,2002,其他業,上櫃
6180,橘子,2002,文化創意業,上櫃
6182,合晶,2002,半導體業,上櫃
6185,幃翔,2002,電子零組件業,上櫃
6186,新潤,2002,建材營造業,上櫃
6187,萬潤,2002,半導體業,上櫃
6188,廣明,2002,電腦及週邊設備業,上櫃
6190,萬泰科,1998,通信網路業,上櫃
6194,育富,2002,電子零組件業,上櫃
6195,詩肯,2002,居家生活,上櫃
6198,瑞築,2002,建材營造業,上櫃
6199,天品,2016,其他業,上櫃
6203,海韻電,2002,電子零組件業,上櫃
6204,艾華,2002,電子零組件業,上櫃
6207,雷科,2002,電子零組件業,上櫃
6208,日揚,2002,半導體業,上櫃
6210,慶生,2003,電子零組件業,上櫃
6212,理銘,2002,建材營造業,上櫃
6217,中探針,2003,電子零組件業,上櫃
6218,豪勉,2003,通信網路業,上櫃
6219,富旺,2003,建材營造業,上櫃
6220,岳豐,2003,電子零組件業,上櫃
6221,晉泰,2003,資訊服務業,上櫃
6222,立軒,2003,光電業,上櫃
6223,旺矽,2003,半導體業,上櫃
6227,茂綸,2003,電子通路業,上櫃
6228,全譜,2003,電腦及週邊設備業,上櫃
6229,研通,2003,半導體業,上櫃
6231,系微,2003,資訊服務業,上櫃
6233,旺玖,2003,半導體業,上櫃
6234,高僑,2003,光電業,上櫃
6236,中湛,2003,其他業,上櫃
6237,驊訊,2003,半導體業,上櫃
6240,松崗,2003,資訊服務業,上櫃
6241,易通展,2003,通信網路業,上櫃
6242,立康,2003,生技醫療業,上櫃
6244,茂迪,2003,光電業,上櫃
6245,立端,2003,通信網路業,上櫃
6246,臺龍,2003,光電業,上櫃
6248,沛波,2003,鋼鐵工業,上櫃
6259,百徽,2003,電子零組件業,上櫃
6261,久元,2004,半導體業,上櫃
6263,普萊德,2003,通信網路業,上櫃
6264,富裔,2004,建材營造業,上櫃
6265,方土昶,2003,電子通路業,上櫃
6266,泰詠,2004,電子零組件業,上櫃
6270,倍微,2003,電子通路業,上櫃
6274,台燿,2003,電子零組件業,上櫃
6275,元山,2004,電子零組件業,上櫃
6276,安鈦克,2003,電腦及週邊設備業,上櫃
6279,胡連,2003,電子零組件業,上櫃
6284,佳邦,2004,電子零組件業,上櫃
6290,良維,2005,電子零組件業,上櫃
6291,沛亨,2004,半導體業,上櫃
6292,迅德,2003,電子零組件業,上櫃
6294,智基,2004,文化創意業,上櫃
6411,晶焱,2014,半導體業,上櫃
6417,韋僑,2015,通信網路業,上櫃
6418,詠昇,2019,電子零組件業,上櫃
6419,京晨科,2014,光電業,上櫃
6423,億而得,2026,半導體業,上櫃
6425,易發,2019,電機機械,上櫃
6432,今展科,2015,電子零組件業,上櫃
6435,大中,2016,半導體業,上櫃
6441,廣錠,2017,電腦及週邊設備業,上櫃
6461,益得,2018,生技醫療業,上櫃
6462,神盾,2015,半導體業,上櫃
6465,威潤,2015,通信網路業,上櫃
6469,大樹,2016,生技醫療業,上櫃
6470,宇智,2015,通信網路業,上櫃
6474,華豫寧,2025,電子通路業,上櫃
6482,弘煜科,2016,文化創意業,上櫃
6485,點序,2015,半導體業,上櫃
6486,互動,2016,通信網路業,上櫃
6488,環球晶,2015,半導體業,上櫃
6492,生華科,2017,生技醫療業,上櫃
6494,九齊,2016,半導體業,上櫃
6496,科懋,2016,生技醫療業,上櫃
6498,久禾光,2025,光電業,上櫃
6499,益安,2016,生技醫療業,上櫃
6506,雙邦,2011,紡織纖維,上櫃
6508,惠光,2004,農業科技業,上櫃
6509,聚和,2004,化學工業,上櫃
6510,精測,2016,半導體業,上櫃
6512,啟發電,2016,其他電子業,上櫃
6516,勤崴國際,2019,資訊服務業,上櫃
6517,保勝光學,2022,光電業,上櫃
6523,達爾膚,2016,生技醫療業,上櫃
6527,明達醫,2019,生技醫療業,上櫃
6530,創威,2018,通信網路業,上櫃
6532,瑞耘,2016,半導體業,上櫃
6535,順藥,2016,生技醫療業,上櫃
6538,倉和,2016,電子零組件業,上櫃
6542,隆中,2016,文化創意業,上櫃
6546,正基,2022,通信網路業,上櫃
6547,高端疫苗,2018,生技醫療業,上櫃
6548,長科*,2016,半導體業,上櫃
6556,勝品,2017,光電業,上櫃
6560,欣普羅,2017,光電業,上櫃
6561,是方,2018,通信網路業,上櫃
6568,宏觀,2016,半導體業,上櫃
6569,醫揚,2016,生技醫療業,上櫃
6570,維田,2017,電腦及週邊設備業,上櫃
6574,霈方,2017,生技醫療業,上櫃
6576,逸達,2018,生技醫療業,上櫃
6577,勁豐,2017,電腦及週邊設備業,上櫃
6578,達邦蛋白,2018,農業科技業,上櫃
6584,南俊國際,2023,電子零組件業,上櫃
6588,東典光電,2020,通信網路業,上櫃
6590,普鴻,2018,資訊服務業,上櫃
6593,台灣銘板,2017,資訊服務業,上櫃
6596,寬宏藝術,2018,文化創意業,上櫃
6597,立誠,2025,電子零組件業,上櫃
6603,富強鑫,2004,電機機械,上櫃
6609,瀧澤科,2003,電機機械,上櫃
6612,奈米醫材,2018,生技醫療業,上櫃
6613,朋億*,2017,其他電子業,上櫃
6615,慧智,2018,生技醫療業,上櫃
6616,特昇-KY,2018,居家生活,上櫃
6617,共信-KY,2024,生技醫療業,上櫃
6620,漢達,2025,生技醫療業,上櫃
6624,萬年清,2019,綠能環保,上櫃
6629,泰金-KY,2019,居家生活,上櫃
6637,醫影,2024,生技醫療業,上櫃
6640,均華,2018,半導體業,上櫃
6642,富致,2019,電子零組件業,上櫃
6643,M31,2019,半導體業,上櫃
6649,台生材,2019,生技醫療業,上櫃
6651,全宇昕,2021,半導體業,上櫃
6654,天正國際,2018,其他電子業,上櫃
6661,威健生技,2021,生技醫療業,上櫃
6662,樂斯科,2019,生技醫療業,上櫃
6664,群翊,2018,電子零組件業,上櫃
6667,信紘科,2018,其他電子業,上櫃
6679,鈺太,2019,半導體業,上櫃
6680,鑫創電子,2019,電腦及週邊設備業,上櫃
6683,雍智科技,2019,半導體業,上櫃
6684,安格,2021,半導體業,上櫃
6690,安碁資訊,2019,數位雲端,上櫃
6692,進能服,2024,綠能環保,上櫃
6693,廣閎科,2022,半導體業,上櫃
6697,東捷資訊,2019,資訊服務業,上櫃
6703,軒郁,2020,生技醫療業,上櫃
6708,天擎,2022,半導體業,上櫃
6712,長聖,2021,生技醫療業,上櫃
6716,應廣,2020,半導體業,上櫃
6720,久昌,2024,半導體業,上櫃
6721,信實,2022,其他業,上櫃
6725,矽科宏晟,2025,其他電子業,上櫃
6727,亞泰金屬,2020,電子零組件業,上櫃
6728,上洋,2020,居家生活,上櫃
6730,常廣,2025,生技醫療業,上櫃
6732,昇佳電子,2020,半導體業,上櫃
6733,博晟生醫,2021,生技醫療業,上櫃
6735,美達科技,2022,其他電子業,上櫃
6739,竹陞科技,2024,其他電子業,上櫃
6741,91APP*-KY,2021,數位雲端,上櫃
6751,智聯服務,2020,資訊服務業,上櫃
6752,叡揚,2020,資訊服務業,上櫃
6761,穩得,2021,電子零組件業,上櫃
6762,達亞,2020,生技醫療業,上櫃
6763,綠界科技*,2022,數位雲端,上櫃
6767,台微醫,2021,生技醫療業,上櫃
6785,昱展新藥,2024,生技醫療業,上櫃
6788,華景電,2021,半導體業,上櫃
6791,虎門科技,2022,資訊服務業,上櫃
6803,崑鼎,2010,綠能環保,上櫃
6804,明係,2022,運動休閒,上櫃
6811,宏碁資訊,2022,數位雲端,上櫃
6821,聯寶,2023,電子零組件業,上櫃
6823,濾能,2022,半導體業,上櫃
6829,千附精密,2022,半導體業,上櫃
6840,東研信超,2023,其他電子業,上櫃
6841,長佳智能,2023,生技醫療業,上櫃
6843,進典,2022,電機機械,上櫃
6844,諾貝兒,2024,生技醫療業,上櫃
6846,綠茵,2023,食品工業,上櫃
6855,數泓科,2022,其他電子業,上櫃
6856,鑫傳,2023,文化創意業,上櫃
6859,伯特光,2022,光電業,上櫃
6865,偉康科技,2023,數位雲端,上櫃
6870,騰雲,2023,數位雲端,上櫃
6872,浩宇生醫,2025,生技醫療業,上櫃
6874,倍力,2022,資訊服務業,上櫃
6875,國邑*,2024,生技醫療業,上櫃
6877,鏵友益,2023,其他電子業,上櫃
6881,潤德,2024,其他業,上櫃
6884,海柏特,2025,資訊服務業,上櫃
6894,衛司特,2023,綠能環保,上櫃
6895,宏碩系統,2023,半導體業,上櫃
6899,創為精密,2024,光電業,上櫃
6903,巨漢,2024,其他電子業,上櫃
6904,伯鑫,2023,其他業,上櫃
6907,雅特力-KY,2026,半導體業,上櫃
6910,德鴻,2025,數位雲端,上櫃
6913,鴻呈,2024,電子零組件業,上櫃
6922,宸曜,2023,電腦及週邊設備業,上櫃
6925,意藍,2025,數位雲端,上櫃
6929,佑全,2024,生技醫療業,上櫃
6953,家碩,2024,半導體業,上櫃
6961,旅天下,2026,觀光餐旅,上櫃
6967,汎瑋材料,2024,電子零組件業,上櫃
6968,萬達寵物,2024,居家生活,上櫃
6971,惠民實業,2025,綠能環保,上櫃
6982,大井泵浦,2024,電機機械,上櫃
6996,力領科技,2024,半導體業,上櫃
6997,博弘,2024,數位雲端,上櫃
7402,邑錡,2015,光電業,上櫃
7547,碩網,2025,數位雲端,上櫃
7556,意德士,2020,半導體業,上櫃
7584,樂意,2024,文化創意業,上櫃
7642,昶瑞機電,2025,電機機械,上櫃
7703,銳澤,2024,其他電子業,上櫃
7704,明遠精密,2024,半導體業,上櫃
7708,全家餐飲,2024,觀光餐旅,上櫃
7709,榮田,2025,電機機械,上櫃
7712,博盛半導體,2024,半導體業,上櫃
7713,威力德生醫,2025,生技醫療業,上櫃
7714,創泓科技,2025,數位雲端,上櫃
7715,裕山,2025,綠能環保,上櫃
7716,昱臺國際,2025,航運業,上櫃
7717,萊德光電-KY,2025,通信網路業,上櫃
7718,友鋮,2025,鋼鐵工業,上櫃
7723,築間,2025,觀光餐旅,上櫃
7728,光焱科技,2025,其他電子業,上櫃
7734,印能科技,2025,半導體業,上櫃
7738,東聯互動,2025,數位雲端,上櫃
7743,金利食安,2025,食品工業,上櫃
7744,崴寶,2025,電子零組件業,上櫃
7747,昕奇雲端,2025,數位雲端,上櫃
7751,竑騰,2025,半導體業,上櫃
7753,星亞,2025,光電業,上櫃
7757,金色三麥,2025,觀光餐旅,上櫃
7767,仁大資訊,2025,資訊服務業,上櫃
7770,君曜,2025,半導體業,上櫃
7777,能率亞洲,2025,其他業,上櫃
7782,光速火箭,2025,居家生活,上櫃
7792,安葆,2026,其他電子業,上櫃
7805,威聯通,2025,數位雲端,上櫃
7810,捷創科技,2025,半導體業,上櫃
8024,佑華,2006,半導體業,上櫃
8027,鈦昇,2015,電機機械,上櫃
8032,光菱,2003,電子通路業,上櫃
8034,榮群,2004,通信網路業,上櫃
8038,長園科,2013,電子零組件業,上櫃
8040,九暘,2007,半導體業,上櫃
8042,金山電,2004,電子零組件業,上櫃
8043,蜜望實,2003,電子零組件業,上櫃
8044,網家,2005,數位雲端,上櫃
8047,星雲,2004,其他電子業,上櫃
8048,德勝,2009,通信網路業,上櫃
8049,晶采,2004,光電業,上櫃
8050,廣積,2003,電腦及週邊設備業,上櫃
8054,安國,2004,半導體業,上櫃
8059,凱碩,2010,通信網路業,上櫃
8064,東捷,2006,光電業,上櫃
8066,來思達,2004,居家生活,上櫃
8067,志旭,2004,電子通路業,上櫃
8068,全達,2004,電子通路業,上櫃
8069,元太,2004,光電業,上櫃
8071,能率網通,2003,電子零組件業,上櫃
8074,鉅橡,2004,電子零組件業,上櫃
8076,伍豐,2003,電腦及週邊設備業,上櫃
8077,洛碁,2004,觀光餐旅,上櫃
8080,泰霖,2021,建材營造業,上櫃
8083,瑞穎,2004,電機機械,上櫃
8084,巨虹,2004,電子通路業,上櫃
8085,福華,2004,其他電子業,上櫃
8086,宏捷科,2009,半導體業,上櫃
8087,麗升能源,2004,綠能環保,上櫃
8088,品安,2004,半導體業,上櫃
8089,康全電訊,2020,通信網路業,上櫃
8091,翔名,2004,半導體業,上櫃
8092,建暐,2004,其他電子業,上櫃
8093,保銳,2004,電子零組件業,上櫃
8096,擎亞,2004,電子通路業,上櫃
8097,常珵,2004,通信網路業,上櫃
8099,大世科,2004,資訊服務業,上櫃
8102,傑霖科技,2025,半導體業,上櫃
8107,大億金茂,2005,電機機械,上櫃
8109,博大,2005,電子零組件業,上櫃
8111,立碁,2004,光電業,上櫃
8121,越峰,2005,電子零組件業,上櫃
8147,正淩,2013,電子零組件業,上櫃
8155,博智,2012,電子零組件業,上櫃
8171,天宇,2011,綠能環保,上櫃
8176,智捷,2013,通信網路業,上櫃
8182,加高,2006,電子零組件業,上櫃
8183,精星,2005,其他電子業,上櫃
8227,巨有科技,2022,半導體業,上櫃
8234,新漢,2007,電腦及週邊設備業,上櫃
8240,華宏,2005,光電業,上櫃
8255,朋程,2006,電機機械,上櫃
8272,全景軟體,2024,資訊服務業,上櫃
8277,商丞,2004,半導體業,上櫃
8279,生展,2016,生技醫療業,上櫃
8284,三竹,2020,資訊服務業,上櫃
8289,泰藝,2008,電子零組件業,上櫃
8291,尚茂,2011,電子零組件業,上櫃
8299,群聯,2004,半導體業,上櫃
8342,益張,2017,其他業,上櫃
8349,恒耀,2006,鋼鐵工業,上櫃
8354,冠好,2004,其他業,上櫃
8358,金居,2010,電子零組件業,上櫃
8383,千附,2004,半導體業,上櫃
8390,金益鼎,2008,綠能環保,上櫃
8401,白紗科,2010,其他業,上櫃
8403,盛弘,2011,生技醫療業,上櫃
8409,商之器,2013,生技醫療業,上櫃
8410,森田,2011,電腦及週邊設備業,上櫃
8415,大國鋼,2016,鋼鐵工業,上櫃
8416,實威,2012,資訊服務業,上櫃
8421,旭源,2012,其他業,上櫃
8423,保綠-KY,2012,綠能環保,上櫃
8424,惠普,2012,建材營造業,上櫃
8426,紅木-KY,2011,其他業,上櫃
8431,匯鑽科,2015,其他電子業,上櫃
8432,東生華,2012,生技醫療業,上櫃
8433,弘帆,2012,居家生活,上櫃
8435,鉅邁,2012,其他業,上櫃
8436,大江,2013,生技醫療業,上櫃
8437,大地-KY,2015,其他業,上櫃
8440,綠電,2018,綠能環保,上櫃
8444,綠河-KY,2015,其他業,上櫃
8446,華研,2013,文化創意業,上櫃
8450,霹靂,2014,文化創意業,上櫃
8455,大拓-KY,2016,其他電子業,上櫃
8472,夠麻吉,2016,數位雲端,上櫃
8477,創業家,2025,數位雲端,上櫃
8489,三貝德,2017,其他業,上櫃
8905,裕國,1996,其他業,上櫃
8906,花王,1996,其他業,上櫃
8908,欣雄,1997,油電燃氣業,上櫃
8916,光隆,1999,其他業,上櫃
8917,欣泰,1999,油電燃氣業,上櫃
8921,沈氏,2000,其他業,上櫃
8923,時報,1999,文化創意業,上櫃
8924,大田,2000,運動休閒,上櫃
8927,北基,2000,油電燃氣業,上櫃
8928,鉅明,2001,運動休閒,上櫃
8929,富堡,2000,其他業,上櫃
8930,青鋼,2000,鋼鐵工業,上櫃
8931,大汽電,2001,油電燃氣業,上櫃
8932,智通*,2001,其他業,上櫃
8933,愛地雅,2001,運動休閒,上櫃
8935,邦泰,2002,其他業,上櫃
8936,國統,2002,其他業,上櫃
8937,合騏,2002,其他業,上櫃
8938,明安,2002,運動休閒,上櫃
8941,關中,2003,居家生活,上櫃
8942,森鉅,2003,其他業,上櫃
9949,琉園,2003,文化創意業,上櫃
9950,萬國通,2004,塑膠工業,上櫃
9951,皇田,2003,電機機械,上櫃
9960,邁達康,2004,運動休閒,上櫃
9962,有益,2006,鋼鐵工業,上櫃
1260,富味鄉,2012,食品工業,興櫃
1269,乾杯,2016,觀光餐旅,興櫃
1271,晨暉生技,2021,生技醫療業,興櫃
1293,利統,2021,食品工業,興櫃
1343,旭東環保,2021,綠能環保,興櫃
1480,東盟開發,2023,鋼鐵工業,興櫃
1594,日高,2010,電機機械,興櫃
1780,立弘,2010,生技醫療業,興櫃
2071,震南鐵,2019,鋼鐵工業,興櫃
2072,世紀風電,2020,鋼鐵工業,興櫃
2237,華德動能,2014,電機機械,興櫃
2245,詠勝昌*,2016,電機機械,興櫃
2249,湧盛,2019,電機機械,興櫃
2252,為昇科,2021,其他電子業,興櫃
2255,凱銳光電,2021,其他電子業,興櫃
2256,歐特明,2021,其他電子業,興櫃
2644,中信造船,2022,航運業,興櫃
2733,維格餅家,2012,觀光餐旅,興櫃
2741,老四川,2014,觀光餐旅,興櫃
2758,路易莎咖啡,2021,觀光餐旅,興櫃
2760,巨宇翔,2022,觀光餐旅,興櫃
2761,橘焱胡同,2022,觀光餐旅,興櫃
2938,床的世界,2016,居家生活,興櫃
2940,歐都納,2025,運動休閒,興櫃
2942,京站,2018,居家生活,興櫃
3097,拍檔,2002,電腦及週邊設備業,興櫃
3117,年程,2012,電子零組件業,興櫃
3184,微邦,2013,生技醫療業,興櫃
3473,智通聯網,2025,通信網路業,興櫃
3485,敘豐,2012,光電業,興櫃
3585,聯致,2007,電子零組件業,興櫃
3595,山太士,2007,光電業,興櫃
3603,建祥國際,2008,電子通路業,興櫃
3616,泓辰,2024,電機機械,興櫃
3633,云光,2008,光電業,興櫃
3659,百辰,2009,光電業,興櫃
3678,聯享,2009,光電業,興櫃
4115,善德生技,2022,生技醫療業,興櫃
4117,普生,2002,生技醫療業,興櫃
4132,國鼎,2010,生技醫療業,興櫃
4150,優你康,2010,生技醫療業,興櫃
4169,泰宗,2012,生技醫療業,興櫃
4170,鑫品生醫,2023,生技醫療業,興櫃
4172,因華,2012,生技醫療業,興櫃
4178,永笙-KY,2024,生技醫療業,興櫃
4186,尖端醫,2012,生技醫療業,興櫃
4194,禾生技,2013,生技醫療業,興櫃
4195,基米,2013,生技醫療業,興櫃
4197,暐世,2013,生技醫療業,興櫃
4431,敏成健康,2011,其他業,興櫃
4537,旭東,2012,光電業,興櫃
4544,春日,2012,電機機械,興櫃
4546,長亨,2013,電機機械,興櫃
4553,盛復,2014,電機機械,興櫃
4559,久裕興,2014,運動休閒,興櫃
4565,宏偉,2016,電機機械,興櫃
4570,傑生,2024,電機機械,興櫃
4573,高明鐵,2018,電機機械,興櫃
4575,銓寶,2018,電機機械,興櫃
4582,聚恆,2019,綠能環保,興櫃
4587,寶元數控,2022,電機機械,興櫃
4589,碩陽電機,2023,電機機械,興櫃
4724,宣捷幹細胞,2023,生技醫療業,興櫃
4732,彥臣,2007,生技醫療業,興櫃
4738,大同精化,2009,化學工業,興櫃
4765,磐采,2016,化學工業,興櫃
4773,高福,2022,化學工業,興櫃
4925,智微,2010,半導體業,興櫃
4980,佐臻,2010,電子零組件業,興櫃
5240,建騰,2011,光電業,興櫃
5246,勵威,2022,半導體業,興櫃
5248,景傳,2011,光電業,興櫃
5254,欣訊科技,2019,電子零組件業,興櫃
5262,立達,2013,半導體業,興櫃
5267,龍翩,2012,光電業,興櫃
5271,紘通,2012,電子零組件業,興櫃
5297,廣化,2017,半導體業,興櫃
5859,遠壽,2015,金融保險業,興櫃
5863,瑞興銀,2007,金融保險業,興櫃
6027,德信,2015,金融保險業,興櫃
6028,公勝保經,2019,金融保險業,興櫃
6035,悠遊卡,2023,金融保險業,興櫃
6407,相互,2013,電子零組件業,興櫃
6428,淘米,2013,文化創意業,興櫃
6434,達輝光電,2013,光電業,興櫃
6467,泰合,2024,生技醫療業,興櫃
6473,美賣*,2014,數位雲端,興櫃
6483,原創生醫,2024,生技醫療業,興櫃
6493,雷虎生,2015,生技醫療業,興櫃
6518,康科特,2015,生技醫療業,興櫃
6536,碩豐,2015,資訊服務業,興櫃
6539,麗彤,2015,生技醫療業,興櫃
6543,普惠醫工,2019,生技醫療業,興櫃
6549,景凱,2015,生技醫療業,興櫃
6555,榮炭,2016,電子零組件業,興櫃
6559,研晶,2015,光電業,興櫃
6563,映智,2025,半導體業,興櫃
6564,安特羅,2018,生技醫療業,興櫃
6565,物聯,2017,數位雲端,興櫃
6572,博錸,2016,生技醫療業,興櫃
6580,台睿,2017,生技醫療業,興櫃
6583,友松,2016,文化創意業,興櫃
6586,醣基,2017,生技醫療業,興櫃
6595,光禹國際,2019,文化創意業,興櫃
6599,普達系統,2017,電腦及週邊設備業,興櫃
6604,儒億,2025,電機機械,興櫃
6610,安成生技,2016,生技醫療業,興櫃
6618,永虹先進,2017,化學工業,興櫃
6621,華宇藥,2017,生技醫療業,興櫃
6622,百聿數碼,2017,文化創意業,興櫃
6634,欣耀,2017,生技醫療業,興櫃
6638,沅聖,2017,電腦及週邊設備業,興櫃
6639,源大環能,2018,油電燃氣業,興櫃
6648,斯其大,2017,其他電子業,興櫃
6650,帝圖,2017,文化創意業,興櫃
6652,雅祥生醫,2018,生技醫療業,興櫃
6659,天明製藥,2025,生技醫療業,興櫃
6665,康聯生醫,2017,生技醫療業,興櫃
6673,和詮,2018,光電業,興櫃
6676,祥翊,2022,生技醫療業,興櫃
6677,瑩碩生技,2018,生技醫療業,興櫃
6682,華旭先進,2018,光電業,興櫃
6696,仁新,2018,生技醫療業,興櫃
6704,國璽幹細胞,2023,生技醫療業,興櫃
6705,振躍精密,2018,電機機械,興櫃
6707,富基電通,2022,電子通路業,興櫃
6709,昱厚生技,2018,生技醫療業,興櫃
6723,傑智環境,2018,綠能環保,興櫃
6729,機光科技,2019,光電業,興櫃
6734,安盛生,2019,生技醫療業,興櫃
6737,秀育,2019,電腦及週邊設備業,興櫃
6738,鼎恒,2019,資訊服務業,興櫃
6744,豐技生技,2019,生技醫療業,興櫃
6748,亞果生醫,2021,生技醫療業,興櫃
6750,泰創工程,2019,其他電子業,興櫃
6755,連鋐科技,2019,電子零組件業,興櫃
6758,冠亞,2020,生技醫療業,興櫃
6775,穎台科技,2020,光電業,興櫃
6780,學習王,2020,文化創意業,興櫃
6784,天凱科技,2020,通信網路業,興櫃
6786,芯測,2020,半導體業,興櫃
6787,晶瑞光,2021,光電業,興櫃
6793,天力離岸,2020,其他業,興櫃
6797,圓點奈米,2020,生技醫療業,興櫃
6798,展逸,2023,運動休閒,興櫃
6808,三鼎生技,2020,生技醫療業,興櫃
6810,新穎生醫,2021,生技醫療業,興櫃
6812,梭特,2021,光電業,興櫃
6814,路迦生醫,2020,生技醫療業,興櫃
6815,晶鑽生醫,2021,生技醫療業,興櫃
6816,捷智商訊,2021,資訊服務業,興櫃
6817,溫士頓,2021,生技醫療業,興櫃
6818,連騰,2021,通信網路業,興櫃
6819,眾智,2021,半導體業,興櫃
6820,連訊,2021,通信網路業,興櫃
6825,和暢科技,2021,電腦及週邊設備業,興櫃
6826,和淞,2021,其他電子業,興櫃
6827,巨生醫,2021,生技醫療業,興櫃
6832,金鼎科,2021,其他業,興櫃
6833,太康精密,2021,電子零組件業,興櫃
6839,開陽能源,2021,綠能環保,興櫃
6842,一元素,2021,半導體業,興櫃
6847,普瑞博,2021,生技醫療業,興櫃
6848,拉法醫,2021,生技醫療業,興櫃
6849,奇鼎科技,2024,其他電子業,興櫃
6850,光鼎生技,2021,生技醫療業,興櫃
6857,宏碁智醫,2022,生技醫療業,興櫃
6858,愛比科技,2022,電腦及週邊設備業,興櫃
6864,元樟生技,2021,生技醫療業,興櫃
6867,坦德科技,2022,光電業,興櫃
6868,采威國際,2022,資訊服務業,興櫃
6876,朗齊生醫*,2024,生技醫療業,興櫃
6878,歐付寶,2022,金融保險業,興櫃
6879,大江基因,2022,生技醫療業,興櫃
6882,甲尚,2022,資訊服務業,興櫃
6883,微電能源,2024,綠能環保,興櫃
6886,遠東生技,2023,食品工業,興櫃
6891,樂迦再生,2022,生技醫療業,興櫃
6892,台寶生醫,2022,生技醫療業,興櫃
6898,程曦資訊,2022,資訊服務業,興櫃
6908,宏碁遊戲,2022,電子通路業,興櫃
6911,群運,2022,其他業,興櫃
6912,益鈞環科*,2022,綠能環保,興櫃
6915,美強光,2022,電子零組件業,興櫃
6917,竟天,2023,生技醫療業,興櫃
6920,恆勁科技,2023,半導體業,興櫃
6926,聖安生醫,2022,生技醫療業,興櫃
6927,聯合聚晶,2023,半導體業,興櫃
6932,水星生醫*,2022,生技醫療業,興櫃
6935,王子製藥,2023,食品工業,興櫃
6938,藍新資訊,2024,資訊服務業,興櫃
6939,啟弘生技,2023,生技醫療業,興櫃
6940,格斯科技*,2023,電子零組件業,興櫃
6945,圓祥生技,2023,生技醫療業,興櫃
6946,三地能源,2024,綠能環保,興櫃
6947,台鎔科技,2023,綠能環保,興櫃
6959,兆捷科技,2023,化學工業,興櫃
6963,品元,2023,食品工業,興櫃
6972,博瑞達應材,2024,化學工業,興櫃
6973,永立榮,2023,生技醫療業,興櫃
6976,育世博-KY,2023,生技醫療業,興櫃
6977,聯純,2023,綠能環保,興櫃
6979,勝釩,2024,光電業,興櫃
6980,鐳洋科技,2023,通信網路業,興櫃
6983,華洋精機,2023,其他電子業,興櫃
6984,ACPAY,2023,數位雲端,興櫃
6986,和迅,2023,生技醫療業,興櫃
6987,寶晶能源*,2024,綠能環保,興櫃
6990,華鉬,2023,綠能環保,興櫃
6995,野獸國,2025,其他業,興櫃
6999,瀚醫生技,2024,生技醫療業,興櫃
7419,達勝,2019,電子零組件業,興櫃
7427,華上生醫,2021,生技醫療業,興櫃
7443,凡事康,2016,其他業,興櫃
7455,樺緯物聯,2025,電腦及週邊設備業,興櫃
7507,環拓科技,2020,綠能環保,興櫃
7516,清淨海,2018,其他業,興櫃
7530,鋒魁科技,2021,半導體業,興櫃
7551,知識科技,2019,數位雲端,興櫃
7558,群利,2021,其他業,興櫃
7561,光晟生技,2020,生技醫療業,興櫃
7562,博來科技,2023,電腦及週邊設備業,興櫃
7566,亞果遊艇,2020,觀光餐旅,興櫃
7575,安美得,2022,生技醫療業,興櫃
7578,利百景,2022,其他業,興櫃
7583,國際海洋,2023,綠能環保,興櫃
7590,怡和國際,2022,其他業,興櫃
7595,世基生醫,2020,生技醫療業,興櫃
7607,通用幹細胞*,2023,生技醫療業,興櫃
7669,碩正科技,2025,半導體業,興櫃
7689,大鵬科CLMX,2025,通信網路業,興櫃
7702,前端風電,2023,綠能環保,興櫃
7706,宏碁創達,2023,其他業,興櫃
7707,益芯科,2023,半導體業,興櫃
7710,東擎科技,2025,電腦及週邊設備業,興櫃
7719,碳基,2023,其他業,興櫃
7724,諾亞克,2024,生技醫療業,興櫃
7725,列特博,2023,生技醫療業,興櫃
7726,暄達,2024,生技醫療業,興櫃
7729,仲恩生醫,2024,生技醫療業,興櫃
7731,火星生技*,2024,食品工業,興櫃
7737,凱鈿,2025,數位雲端,興櫃
7742,天弘化,2024,化學工業,興櫃
7745,紅陽,2026,數位雲端,興櫃
7748,鑫囍創業,2024,其他業,興櫃
7752,世紀樺欣,2024,綠能環保,興櫃
7754,安基生技,2024,生技醫療業,興櫃
7756,多那之,2024,觀光餐旅,興櫃
7758,睿騰能源,2025,電子零組件業,興櫃
7759,視航生醫,2025,生技醫療業,興櫃
7760,享溫馨,2024,觀光餐旅,興櫃
7761,三大未來,2024,綠能環保,興櫃
7762,吉晟生,2024,生技醫療業,興櫃
7763,崇舜,2024,化學工業,興櫃
7764,聖州,2024,其他業,興櫃
7768,頌勝科技,2025,半導體業,興櫃
7772,耀穎,2025,半導體業,興櫃
7773,富禾生醫,2024,生技醫療業,興櫃
7776,奧孟亞,2024,生技醫療業,興櫃
7779,鍇睿國際,2024,運動休閒,興櫃
7781,昕力資*,2024,數位雲端,興櫃
7783,佳運,2024,綠能環保,興櫃
7785,北祥科服,2025,數位雲端,興櫃
7789,開展,2024,觀光餐旅,興櫃
7790,思必瑞特,2024,生技醫療業,興櫃
7794,宏碁智新,2024,居家生活,興櫃
7796,擷發科,2024,半導體業,興櫃
7797,Q BURGER,2025,觀光餐旅,興櫃
7798,將捷,2025,建材營造業,興櫃
7801,華芸科技,2024,資訊服務業,興櫃
7803,雲象科技,2024,生技醫療業,興櫃
7806,精華生醫,2024,食品工業,興櫃
7808,訊聯智藥,2024,生技醫療業,興櫃
7811,民盛,2025,運動休閒,興櫃
7812,稜研科技*,2025,通信網路業,興櫃
7813,宇辰系統,2025,其他電子業,興櫃
7814,海昌生技,2025,生技醫療業,興櫃
7815,新特,2025,半導體業,興櫃
7816,來穎,2025,電子零組件業,興櫃
7818,溢泰實業,2025,其他業,興櫃
7819,精誠金融,2025,資訊服務業,興櫃
7820,立盈,2025,綠能環保,興櫃
7821,神數,2025,其他電子業,興櫃
7822,倍利科,2025,半導體業,興櫃
7824,智寶,2025,其他業,興櫃
7825,和亞智慧,2025,其他電子業,興櫃
7826,極風雲創,2025,數位雲端,興櫃
7827,漢康-KY,2025,生技醫療業,興櫃
7828,創新服務,2025,半導體業,興櫃
7829,思捷優達-KY,2025,生技醫療業,興櫃
7831,捷博,2025,居家生活,興櫃
7832,智新生技*,2025,生技醫療業,興櫃
7833,綠岩能源,2025,綠能環保,興櫃
7834,來毅數位,2025,資訊服務業,興櫃
7836,智生活,2025,其他業,興櫃
7837,啟新生,2025,生技醫療業,興櫃
7839,達人網,2025,數位雲端,興櫃
7840,祥圃,2025,農業科技業,興櫃
7841,經貿聯網,2025,資訊服務業,興櫃
7842,天能綠電,2025,綠能環保,興櫃
7843,英柏得,2025,半導體業,興櫃
7846,德揚,2025,綠能環保,興櫃
7847,豊漁,2025,觀光餐旅,興櫃
7848,騏億鑫,2025,其他電子業,興櫃
7849,旭誼,2025,其他電子業,興櫃
7850,寶泰生醫,2025,生技醫療業,興櫃
7851,慧康生技*-KY,2025,生技醫療業,興櫃
7853,政美應用,2025,半導體業,興櫃
7854,佐茂,2025,電腦及週邊設備業,興櫃
7855,和運租車,2025,其他業,興櫃
7856,漢測,2025,半導體業,興櫃
7857,合水先進,2025,綠能環保,興櫃
7858,芝普,2025,化學工業,興櫃
7860,得生製藥,2025,生技醫療業,興櫃
7861,貝爾威勒,2025,電子零組件業,興櫃
7862,聚泰,2025,紡織纖維,興櫃
7863,中科物流,2025,航運業,興櫃
7865,金聯成,2025,綠能環保,興櫃
7866,丹立,2025,半導體業,興櫃
7867,特力屋,2025,居家生活,興櫃
7868,聖育,2025,資訊服務業,興櫃
7869,宏于電機,2025,電機機械,興櫃
7870,聯剛科技,2025,其他電子業,興櫃
7871,安立璽榮-KY,2026,生技醫療業,興櫃
7872,登豐,2025,半導體業,興櫃
7875,安圖斯,2025,電腦及週邊設備業,興櫃
7876,鼎晉生技,2025,生技醫療業,興櫃
7877,海利普,2025,綠能環保,興櫃
7878,藥祇,2025,生技醫療業,興櫃
7879,益材科技,2026,電機機械,興櫃
7880,聖凰,2025,半導體業,興櫃
7881,科明,2025,生技醫療業,興櫃
7882,倍利創投,2025,其他業,興櫃
7883,饗賓,2026,觀光餐旅,興櫃
7885,宏羚,2026,其他電子業,興櫃
7886,科建,2026,半導體業,興櫃
7887,宇川精材,2026,半導體業,興櫃
7888,麗寶新藥,2025,生技醫療業,興櫃
7889,騰勢,2026,食品工業,興櫃
7890,明曜科技,2026,綠能環保,興櫃
7891,博研醫藥,2026,生技醫療業,興櫃
7892,元鈦科,2026,電腦及週邊設備業,興櫃
7893,睿信,2026,電子零組件業,興櫃
7895,元進莊,2026,農業科技業,興櫃
7896,喬越,2026,電子零組件業,興櫃
7897,禾迅綠電,2026,綠能環保,興櫃
7899,景美,2026,半導體業,興櫃
7901,大大寬頻,2026,通信網路業,興櫃
7902,宇越生醫*,2026,生技醫療業,興櫃
7904,任開數位,2026,數位雲端,興櫃
8058,耐特,2025,其他電子業,興櫃
8098,慶康科技,2023,半導體業,興櫃
8119,公信,2017,電腦及週邊設備業,興櫃
8298,威睿,2018,資訊服務業,興櫃
8329,台視,2007,文化創意業,興櫃
8345,超秦,2025,農業科技業,興櫃
8359,錢櫃,2012,觀光餐旅,興櫃
8458,影一,2014,文化創意業,興櫃
8999,台灣積層,2025,其他業,興櫃
9957,燁聯,2003,鋼鐵工業,興櫃
